uid,name,occupation,place of birth,gender,educated at,language,year of birth
1893392,Meir Argov,politician,Rîbnița,male,Taras Shevchenko National University of Kyiv,Hebrew,1905
470672,Ami Assaf,politician,Rosh Pinna,male,Herzliya Hebrew Gymnasium,Hebrew,1903
145162,Zalman Aran,pedagogue,Donetsk,male,,Hebrew,1899
128894,Yitzhak Ben-Zvi,Jewish ethnic groups scholar,Poltava,male,Istanbul University Faculty of Law,English,1884
718000,Aryeh Bahir,politician,Odessa,male,,Hebrew,1906
2902983,David Bar-Rav-Hai,politician,Nizhyn,male,Jerusalem Law Classes,Hebrew,1894
2855738,Yosef Beretz,politician,Coșnița,male,,Hebrew,1890
2060660,Haim Ben-Asher,politician,Odessa,male,Hebrew University of Jerusalem,Hebrew,1904
37610,David Ben-Gurion,politician,Płońsk,male,Istanbul University Faculty of Law,Hebrew,1886
2004552,Shmuel Dayan,politician,Zhashkiv,male,,Hebrew,1891
816401,Ben-Zion Dinor,politician,Khorol,male,Humboldt University of Berlin,Hebrew,1884
2901683,Hasya Drori,politician,Gomel,female,,Hebrew,1899
2902404,Yehiel Duvdevani,politician,Volhynia,male,,Hebrew,1896
2357528,Yosef Efrati,politician,Pinsk,male,,Hebrew,1897
2903289,Heshel Frumkin,newspaper editor,Babruysk,male,,Hebrew,1896
2753565,Shraga Goren,politician,Makariv,male,Taras Shevchenko National University of Kyiv,Hebrew,1898
2906720,Akiva Govrin,politician,Shpykiv,male,,Hebrew,1902
2072615,Yisrael Guri,politician,Hirișeni,male,Odesa University,Hebrew,1893
2920143,Eliyahu Hacarmeli,politician,Haifa,male,,Hebrew,1891
2909120,David Hacohen,economist,Gomel,male,London School of Economics and Political Science,Hebrew,1898
2903189,Neta Harpaz,politician,Kosów Lacki,male,,Hebrew,1893
2910619,Avraham Herzfeld,trade unionist,Stavyshche,male,,Hebrew,1891
2917557,Abba Hushi,politician,Turka,male,,Hebrew,1898
2909716,Beba Idelson,politician,Dnipro,female,,Hebrew,1895
1329314,Eliezer Kaplan,politician,Minsk,male,,Hebrew,1891
2901728,Yona Kesse,politician,Dobre,male,,Hebrew,1907
2901199,Yosef-Michael Lamm,judge,Galicia,male,,Hebrew,1899
2777161,Shlomo Lavi,trade unionist,Płońsk,male,,Hebrew,1882
662218,Pinhas Lavon,trade unionist,Kopychyntsi,male,Lviv University,Polish,1904
2904321,Eliezer Livna,politician,Łódź,male,,Hebrew,1902
2653058,Ada Maimon,politician,Mărculești,female,,Hebrew,1893
42992,Golda Meir,politician,Kyiv,female,University of Wisconsin–Milwaukee,Hebrew,1898
72124,Peretz Naftali,journalist,Berlin,male,,Hebrew,1888
2776248,Dvora Netzer,educator,Mena,female,National University of Kharkiv,Hebrew,1897
1176303,David Remez,trade unionist,Kopyś,male,,Hebrew,1886
208477,Moshe Sharett,politician,Kherson,male,London School of Economics and Political Science,Hebrew,1894
299100,Zalman Shazar,journalist,Mir,male,University of Strasbourg,Hebrew,1889
2687114,Aryeh Sheftel,politician,Vilnius,male,,Hebrew,1905
2687111,Reuven Shari,politician,Comrat,male,,Hebrew,1903
974766,Yosef Sprinzak,trade unionist,Moscow,male,,Hebrew,1885
528647,Yizhar Smilansky,scientist,Rehovot,male,Hebrew University of Jerusalem,Hebrew,1916
2908317,Yehudit Simhonit,trade unionist,Bereznehuvate,female,,Hebrew,1902
2752981,Efraim Taburi,politician,Tulchyn,male,,Hebrew,1900
2902944,Avraham Taviv,trade unionist,Yemen,male,,Hebrew,1889
2901704,Zvi Yehuda,politician,Uman,male,,Hebrew,1887
936528,Dov Yosef,advocate,Montreal,male,Laval University,Hebrew,1899
551400,Moshe Aram,politician,Lyady,male,Moscow State University,Hebrew,1896
2909098,Menachem Bader,politician,Dukla,male,University of Cologne,Hebrew,1895
551390,Dov Bar-Nir,opinion journalist,Brussels metropolitan area,male,University of Strasbourg,Hebrew,1911
2079765,Yisrael Bar-Yehuda,trade unionist,Konotop,male,Dnipro University of Technology,Hebrew,1895
2226775,Yitzhak Ben-Aharon,politician,Bukovina,male,,Yiddish,1906
2091327,Mordechai Bentov,lawyer,Grodzisk Mazowiecki,male,University of Warsaw,Hebrew,1900
2910166,Yaakov Hazan,politician,Brest,male,,Hebrew,1899
1386714,Yisrael Galili,politician,Brailiv,male,,Hebrew,1911
2906119,Fayge Ilanit,politician,Białystok,female,,Hebrew,1909
2905464,Hannah Lamdan,activist,Shirivtsi,female,,Hebrew,1905
519963,Nahum Nir,lawyer,Warsaw,male,Doctor of Laws,Polish,1884
2900203,Eliezer Peri,journalist,Surochów,male,,Hebrew,1902
2778041,Berl Repetur,politician,Ruzhyn (settlement),male,,Hebrew,1902
2900981,Ya'akov Riftin,trade unionist,,male,,Hebrew,1907
2901411,Hanan Rubin,politician,Berlin,male,Humboldt University of Berlin,Hebrew,1908
1338975,Moshe Sneh,writer,Radzyń Podlaski,male,University of Warsaw,Hebrew,1909
155242,Yitzhak Tabenkin,rancher,Babruysk,male,,Hebrew,1888
2910082,Meir Yaari,politician,Kańczuga,male,University of Vienna,Hebrew,1897
2588843,Aharon Zisling,politician,Minsk Governorate,male,,Hebrew,1901
216021,Yosef Burg,rabbi,Dresden,male,Leipzig University,Hebrew,1909
2900595,Moshe Kelmer,politician,Russian Empire,male,Hebrew University of Jerusalem,Hebrew,1901
2900614,Eliyahu-Moshe Ganhovsky,politician,Grajewo,male,,Hebrew,1901
2900920,Avraham-Yehuda Goldrat,rabbi,Kielce,male,,Hebrew,1912
2902077,Aharon-Ya'akov Greenberg,politician,Sokołów Podlaski,male,,Hebrew,1900
2778053,Kalman Kahana,writer,Brody,male,Humboldt University of Berlin,Hebrew,1910
2908216,Meir-David Levenstein,politician,Copenhagen,male,,Hebrew,1904
2907909,Yitzhak-Meir Levin,rabbi,Góra Kalwaria,male,,Hebrew,1893
2382713,Yehuda Leib Maimon,rabbi,Mărculești,male,,Hebrew,1875
2904692,Benjamin Mintz,politician,Łódź,male,,Hebrew,1903
1365144,Mordechai Nurock,politician,Tukums,male,,Hebrew,1884
2587814,David-Zvi Pinkas,lawyer,Sopron,male,University of Vienna,Hebrew,1895
2901431,Avraham-Haim Shag,rabbi,Jerusalem,male,,Hebrew,1887
2079775,Haim-Moshe Shapira,politician,Grodno,male,,Hebrew,1902
2909985,Moshe Unna,politician,Mannheim,male,,Hebrew,1902
2890045,Zerach Warhaftig,politician,Vaŭkavysk,male,Hebrew University of Jerusalem,Hebrew,1906
130873,Menachem Begin,politician,Brest,male,"Faculty of Law and Administration, University of Warsaw",Hebrew,1913
551421,Yohanan Bader,newspaper editor,Kraków,male,Jagiellonian University,Polish,1901
2332324,Aryeh Ben-Eliezer,politician,Vilnius,male,,Hebrew,1913
2335185,Haim Cohen-Meguri,politician,Yemen,male,,Hebrew,1913
162793,Uri-Zvi Greenberg,poet,Bilyi Kamin,male,,Hebrew,1896
2061371,Ari Jabotinsky,mathematician,Odessa,male,Hebrew University of Jerusalem,Hebrew,1910
1385128,Shmuel Katz,opinion journalist,Johannesburg,male,,Hebrew,1914
438286,Hillel Kook,rabbi,Lithuania,male,Hebrew University of Jerusalem,Hebrew,1915
2613376,Haim Landau,politician,Kraków,male,Technion – Israel Institute of Technology,Hebrew,1916
2906131,Eliyahu Lankin,politician,Russia,male,Hebrew University of Jerusalem,Hebrew,1914
2613811,Yaakov Meridor,politician,"Lipno, Lipno County",male,University of Warsaw,Hebrew,1913
2011749,Shmuel Merlin,newspaper editor,Chișinău,male,University of Paris,Hebrew,1910
2920530,Avraham Rakanti,journalist,Thessaloniki,male,,Hebrew,1888
2902297,Esther Raziel-Naor,educator,Smarhoń,female,,Hebrew,1911
935201,Peretz Bernstein,politician,Meiningen,male,,Hebrew,1890
2336569,Ya'akov Gil,rabbi,Tiberias,male,,Hebrew,1908
2267536,Ya'akov Klivnov,lawyer,Minsk Governorate,male,"Faculty of Law, Saint Petersburg State University",Hebrew,1887
2468086,Shoshana Parsitz,politician,Kyiv,female,Moscow State University,Hebrew,1892
129676,Israel Rokach,politician,Jaffa,male,,Hebrew,1896
2614158,Yosef Sapir,politician,Jaffa,male,,Hebrew,1902
2613074,Yosef Serlin,politician,Białystok,male,"Faculty of Law and Administration, University of Warsaw",Hebrew,1906
2778256,Idov Cohen,politician,Mihăileni,male,,Hebrew,1909
2901612,Yeshayahu Forder,politician,Charlottenburg,male,University of Freiburg,German,1901
2392568,Avraham Granot,politician,Florești,male,University of Fribourg,Hebrew,1890
2906342,Yizhar Harari,politician,Jaffa,male,University of Paris,Hebrew,1908
1389085,Pinchas Rosen,advocate,Berlin,male,,Hebrew,1887
167194,Shmuel Mikunis,politician,Polonne,male,,Hebrew,1903
2365732,Eliezer Preminger,politician,Vienna,male,,Hebrew,1920
969950,Tawfik Toubi,politician,Haifa,male,,Arabic,1922
1376050,Meir Vilner,politician,Vilnius,male,Hebrew University of Jerusalem,Yiddish,1918
2901227,Moshe Ben-Ami,advocate,Tiberias,male,,Hebrew,1898
2919419,Eliyahu Eliashar,writer,Jerusalem,male,,Hebrew,1899
2901473,Avraham Elmalih,journalist,Jerusalem,male,,Hebrew,1885
2909380,Bechor-Shalom Sheetrit,judge,Tiberias,male,Hebrew University of Jerusalem,Hebrew,1895
2919596,Seif-El-Din El-Zubi,politician,Nazareth,male,,Arabic,1913
2905903,Amin-Salim Jarjora,politician,Nazareth,male,Q12244310,English,1886
1367843,Nathan Yellin-Mor,politician,Grodno,male,,Hebrew,1913
2777261,Zecharia Glosca,politician,Yemen,male,,Hebrew,1894
2501401,Rachel Cohen-Kagan,politician,Odessa,female,Moscow State University,Hebrew,1888
2357539,Baruch Osnia,politician,Pinsk,male,University of Königsberg,Hebrew,1905
2890902,Herzl Berger,journalist,Minsk,male,University of Jena,Hebrew,1904
1530257,Jenia Tversky,trade unionist,Baranavichy,female,University of Warsaw,Hebrew,1904
1720966,Kadish Luz,economist,Babruysk,male,Odesa University,Hebrew,1895
191123,Levi Eshkol,politician,Kyiv,male,,English,1895
2909456,Mordechai Namir,politician,Nemyriv,male,Odesa University,Hebrew,1897
2901619,Reuven Feldman,rabbi,Kraków,male,,Hebrew,1899
2909994,Sarah Kafrit,politician,Minsk,female,,Hebrew,1900
2905252,Ya'akov Uri,politician,Poltava Governorate,male,,Hebrew,1888
937011,Ya'akov Shimshon Shapira,politician,Kropyvnytskyi,male,Hebrew University of Jerusalem,Hebrew,1902
2901498,Yehezkel Hen,educator,Boryslav,male,,Hebrew,1882
983232,Yisrael Yeshayahu,politician,Sa'dah,male,,Hebrew,1908
2776885,Ze'ev Shefer,politician,Uman,male,,Hebrew,1891
2901706,Avraham Stop,philosopher,Tovste,male,Lviv University,Hebrew,1897
2907965,Batsheva Katznelson,politician,Bar,female,University of Geneva,Hebrew,1897
2901131,Ben-Zion Harel,physician,Kuldīga,male,University of Zurich,Hebrew,1892
2902082,Haim Ariav,politician,Lida,male,Herzliya Hebrew Gymnasium,Hebrew,1895
1058957,Haim Boger,educator,Crimea,male,Doctor of Philosophy,Hebrew,1876
2334860,Elimelekh Rimalt,politician,Galicia,male,University of Vienna,Hebrew,1907
2359776,Ezra Ichilov,politician,Petah Tikva,male,,Hebrew,1907
2901508,George Flash,politician,Reșița,male,University of Vienna,Hebrew,1909
2501583,Nahum Het,politician,Odessa,male,Odesa University,Hebrew,1896
2919676,Shalom Zisman,politician,Żelechów,male,University of Warsaw,Polish,1914
2901671,Shimon Bejarano,politician,Plovdiv,male,University of Milan,Hebrew,1910
2334801,Shlomo Perlstein,businessperson,Przemyśl,male,,Hebrew,1902
2901480,Simha Babah,politician,Poland,male,,Hebrew,1902
2902132,Zalman Suzayiv,politician,Riga,male,University of Latvia,Hebrew,1911
2901637,David Livschitz,politician,Russia,male,,Hebrew,1897
175395,Adolf Berman,politician,Warsaw,male,University of Warsaw,Hebrew,1906
2900939,Rostam Bastuni,writer,Haifa,male,Technion – Israel Institute of Technology,Hebrew,1923
2046022,Michael Hasani,politician,Będzin,male,,Hebrew,1913
2904325,Yitzhak Rafael,politician,Sasiv,male,Hebrew University of Jerusalem,Hebrew,1914
2617161,Aryeh Altman,politician,Balta,male,Odesa University,Hebrew,1902
2332990,Binyamin Avniel,writer,Jerusalem,male,Université libre de Bruxelles,Hebrew,1906
721746,Emile Habibi,politician,Haifa,male,,Arabic,1922
2910035,Esther Vilenska,politician,Vilnius,female,Hebrew University of Jerusalem,Yiddish,1918
2907940,Moshe Kol,politician,Pinsk,male,Hebrew University of Jerusalem,Hebrew,1911
2903320,Jabr Moade,politician,Yarka,male,,Hebrew,1919
2900669,Masaad Kassis,politician,Mi'ilya,male,,Hebrew,1918
2904066,Avraham Deutsch,philosopher,Austria-Hungary,male,University of Vienna,Hebrew,1889
2904731,Shlomo Lorincz,rabbi,Budapest,male,,Hebrew,1918
2900270,Binyamin Sasson,politician,Baghdad,male,,Hebrew,1903
2909713,Salah-Hassan Hanifes,politician,Shfaram,male,,Arabic,1913
2920144,Shimon Garidi,educator,Dhamar,male,Hebrew University of Jerusalem,Hebrew,1912
2900530,Faras Hamdan,politician,Baqa al-Gharbiyye,male,,Arabic,1910
2906684,Aharon Becker,politician,Kobryn,male,,Hebrew,1905
400064,Aharon Remez,military officer,Tel Aviv,male,Harvard University,Hebrew,1919
2776382,Berl Locker,politician,Galicia,male,Chernivtsi University,Hebrew,1887
573926,Ehud Avriel,Aliyah Bet activist,Vienna,male,,Hebrew,1917
74696,Yosef Almogi,politician,Hrubieszów,male,,Hebrew,1910
2902381,Rachel Tzabari,educator,Tel Aviv,female,Hebrew University of Jerusalem,Hebrew,1909
2904698,Senetta Yoseftal,lawyer,Fürth,female,,Hebrew,1912
1719051,Shlomo Hillel,diplomat,Baghdad,male,Hebrew University of Jerusalem,Hebrew,1923
2901255,Shmuel Shoresh,politician,Rivne,male,,Hebrew,1913
2334817,Binyamin Arditi,politician,Vienna,male,,Hebrew,1897
2334832,Eliezer Shostak,politician,Volodymyrets,male,,Hebrew,1911
2907977,Mordechai Olmert,politician,Buguruslan,male,,Hebrew,1908
2334704,Nahum Levin,politician,Vitebsk,male,Technion – Israel Institute of Technology,Hebrew,1905
2909373,Shimshon Unichman,politician,Lutsk,male,Charles University,Hebrew,1907
2900328,Yosef Shofman,lawyer,Warsaw,male,"Faculty of Law and Administration, University of Warsaw",Hebrew,1903
2902140,Frija Zoaretz,politician,Libya,male,,Hebrew,1907
2906644,Shlomo-Yisrael Ben-Meir,lawyer,Warsaw,male,New York University,Hebrew,1910
2900292,Avraham Abaas,spy,Damascus,male,,Hebrew,1912
7861974,Tzipora Laskov,nurse,Ukraine,female,,Hebrew,1904
2900454,Ruth Haktin,trade unionist,Sosnytsia,female,,Hebrew,1901
319015,Yigal Allon,politician,Kfar Tavor,male,St Antony's College,Hebrew,1918
2902009,Ze'ev Tzur,politician,Russian Empire,male,,Hebrew,1911
2909759,Emma Talmi,writer,Warsaw,female,,Hebrew,1905
2901420,Haim Yehuda,politician,Cairo,male,,Hebrew,1917
2904686,Yisrael Barzilai,politician,Nieszawa,male,,Hebrew,1913
2077546,Yitzhak Yitzhaky,politician,Rîbnița,male,University of Paris,Yiddish,1902
2910022,Ya'akov Katz,politician,Zolochiv,male,,Hebrew,1906
2904307,Zalman Ben-Ya'akov,politician,Sieradz,male,,Hebrew,1897
2909083,Gershom Shoken,newspaper editor,Zwickau,male,London School of Economics and Political Science,Hebrew,1912
2900624,Saleh Suleiman,politician,Reineh,male,,Hebrew,1888
2908256,Moshe Baram,trade unionist,Zdolbuniv,male,,Hebrew,1911
2902067,Gideon Ben-Yisrael,politician,Haifa,male,Hebrew University of Jerusalem,Hebrew,1923
2902115,Menachem Cohen,politician,Jerusalem,male,,Hebrew,1922
2382696,Yitzhak Coren,trade unionist,Chișinău,male,,Yiddish,1911
188783,Moshe Dayan,military officer,Degania Alef,male,Senior Officers' School,Hebrew,1915
2901602,Amos Degani,trade unionist,Tel Aviv,male,Hebrew University of Jerusalem,Hebrew,1926
305776,Abba Eban,historian,Cape Town,male,Pembroke College,Hebrew,1915
2902073,Yosef Fischer,politician,Budapest,male,,Hebrew,1920
2901213,Asher Hassin,journalist,Casablanca,male,,Hebrew,1918
2901154,Yisrael Kargman,politician,Berdychiv,male,,Hebrew,1906
57410,Shimon Peres,poet,Višnieva,male,New York University,Hebrew,1923
2919651,David Petel,politician,Basra,male,,Arabic,1921
578459,Pinhas Sapir,politician,Suwałki,male,,English,1906
2903207,Moshe Sardines,politician,İzmir,male,,Hebrew,1917
216050,Giora Yoseftal,politician,Nuremberg,male,Heidelberg University,Hebrew,1912
434951,Haim Yosef Zadok,lawyer,Rava-Ruska,male,Hebrew University of Jerusalem,Hebrew,1913
2901240,Mordechai Zar,trade unionist,Mashhad,male,,Hebrew,1914
2334778,Eliyahu Meridor,politician,Saint Petersburg,male,"Faculty of Law and Administration, University of Warsaw",Hebrew,1914
2900279,Shabtai Shikhman,politician,Poland,male,,Hebrew,1915
2902043,Tova Sanhadray,politician,Ternopil,female,,Hebrew,1906
2902026,Binyamin Shahor,politician,Jerusalem,male,,Hebrew,1916
2900947,Yussuf Hamis,trade unionist,Reineh,male,American University of Beirut,Arabic,1921
2336520,Zalman Abramov,politician,Minsk,male,Case Western Reserve University,Hebrew,1908
941785,Moshe Nissim,lawyer,Jerusalem,male,Hebrew University of Jerusalem,English,1935
2906658,Zvi Zimmerman,lawyer,Skala-Podilska,male,Jagiellonian University,Hebrew,1913
2900177,Mordechai Bibi,politician,Baghdad,male,Tel Aviv University,Hebrew,1922
2660910,Moshe Carmel,military officer,Mińsk Mazowiecki,male,,Hebrew,1911
605443,Menachem Porush,educator,Jerusalem,male,,English,1916
2900931,Yitzhak Golan,politician,Khodoriv,male,,Hebrew,1912
2900956,Shimon Kanovitch,pediatrician,Germany,male,University of Königsberg,Hebrew,1900
2907919,Ahmed A-Dahar,politician,Nazareth,male,,Hebrew,1906
2900445,Elias Nakhleh,politician,Rameh,male,,Hebrew,1913
2908292,Labib Hussein Abu Rokan,politician,Isfiya,male,,Hebrew,1911
2900478,Yussef Diab,politician,Tamra,male,,Hebrew,1917
2905482,Mahmud A-Nashaf,politician,Taibe,male,,Hebrew,1906
2908294,Avraham Drori,politician,Łódź,male,,Hebrew,1919
2334848,Avraham Tiar,politician,Gabès,male,Hebrew University of Jerusalem,Hebrew,1924
2900111,Benno Cohen,pedagogue,Germany,male,University of Wrocław,Hebrew,1894
2332972,Yitzhak Klinghoffer,politician,Galicia,male,University of Vienna,Hebrew,1905
2919654,Yehuda Sha'ari,politician,Siret River,male,Tel Aviv University,Hebrew,1920
2334870,Baruch Uziel,politician,Thessaloniki,male,Hebrew University of Jerusalem,Hebrew,1901
2891007,Victor Shem-Tov,politician,Samokov,male,,Hebrew,1915
2904767,Shlomo-Ya'akov Gross,politician,Austria-Hungary,male,,German,1908
2903249,Diyab Obeid,businessperson,Taibe,male,Al-Fadiliya School,Hebrew,1911
267335,Shulamit Aloni,feminist,Tel Aviv,female,Hebrew University of Jerusalem,Hebrew,1928
519944,Reuven Barkat,diplomat,Tauragė,male,University of Strasbourg,Hebrew,1906
2901583,Avraham Biton,politician,Israel,male,,Hebrew,1923
2902034,Gavriel Cohen,pedagogue,Jerusalem,male,University of Oxford,Hebrew,1928
2904295,Zvi Dinstein,politician,Tel Aviv,male,University of Geneva,Hebrew,1926
658086,Aryeh Eliav,politician,Moscow,male,Hebrew University of Jerusalem,Hebrew,1921
2904362,Haim Gvati,politician,Pinsk,male,,Hebrew,1901
2901184,Mordechai Ofer,politician,Kraków,male,,Hebrew,1924
2890635,Dov Sadan,essayist,Brody,male,,Yiddish,1902
674248,Eliyahu Sasson,diplomat,Damascus,male,Saint Joseph University,Hebrew,1902
184431,Ze'ev Sherf,politician,Bukovina,male,,Hebrew,1906
2906629,Aharon Uzan,politician,Moknine,male,,Hebrew,1924
266713,Aharon Yadlin,politician,Ben Shemen,male,Hebrew University of Jerusalem,Hebrew,1926
2333020,Aharon Goldstein,politician,Zlatopol,male,,Hebrew,1902
2334763,Yosef Kremerman,businessperson,Haifa,male,,Hebrew,1926
2900463,Mordechai-Haim Stern,banker,Vienna,male,University of Vienna,Hebrew,1914
2902335,Yosef Tamir,journalist,Berdychiv,male,Tel Aviv School of Law and Economics,Hebrew,1915
434957,Shmuel Tamir,advocate,Jerusalem,male,Hebrew University of Jerusalem,Hebrew,1923
2900239,Menachem Yedid,politician,Aleppo,male,,Hebrew,1918
2900551,Shabtai Daniel,politician,Viļaka,male,Hebrew University of Jerusalem,Hebrew,1909
2908959,Daniel-Yitzhak Levy,pedagogue,Ceuta,male,,Hebrew,1917
2911774,Mordechai Ben-Porat,spy,Baghdad,male,Tel Aviv University,Hebrew,1923
2902105,Mathilda Guez,politician,Sousse,female,,Hebrew,1918
311583,Yitzhak Navon,playwright,Jerusalem,male,Hebrew University of Jerusalem,Hebrew,1921
2908266,Mordechai Surkis,politician,Ivano-Frankivsk,male,,Hebrew,1908
1385464,Tzvi Tzur,politician,Russian Soviet Federative Socialist Republic,male,,Hebrew,1923
2900316,Reuven Arazi,lawyer,Mezhirichi,male,"Faculty of Law and Administration, University of Warsaw",Hebrew,1907
307176,Abd el-Aziz el-Zoubi,journalist,Nazareth,male,Arab College,Hebrew,1926
2044141,Natan Peled,politician,Odessa,male,,Hebrew,1913
2904443,Shlomo Rosen,politician,Ostrava,male,,Hebrew,1905
1391626,Gideon Hausner,politician,Lviv,male,Hebrew University of Jerusalem,English,1915
325679,Uri Avnery,opinion journalist,Beckum,male,,Hebrew,1923
2902343,Dov Zakin,politician,Baranavichy,male,Tel Aviv University,Hebrew,1922
2909729,Avraham Ofer,politician,Khorostkiv,male,Hebrew University of Jerusalem,Hebrew,1922
2777751,Shoshana Arbeli-Almozlino,trade unionist,Mosul,female,,Hebrew,1926
2908247,David Coren,politician,Jerusalem,male,Hebrew University of Jerusalem,Hebrew,1917
2904549,Adiel Amorai,politician,Rehovot,male,Hebrew University of Jerusalem,Hebrew,1934
2901601,Ari Ankorion,writer,Kalvarija,male,Vytautas Magnus University,Hebrew,1908
2900537,Ada Feinberg-Sireni,politician,Rome,female,Herzliya Hebrew Gymnasium,Hebrew,1930
2901717,Uzi Feinerman,politician,Kfar Yehezkel,male,,Hebrew,1924
2776910,Haika Grossman,politician,Białystok,female,Vilnius University,Hebrew,1919
2907565,Zina Harman,politician,London,female,London School of Economics and Political Science,Hebrew,1914
2901108,Ze'ev Herring,trade unionist,Przemyśl,male,London School of Economics and Political Science,Hebrew,1910
2910381,Shalom Levin,historian,Rakaw,male,Hebrew University of Jerusalem,Hebrew,1916
612860,Gad Yaacobi,pedagogue,Kfar Vitkin,male,Tel Aviv University,Hebrew,1935
2901649,Avraham Zilberberg,politician,Poland,male,,Hebrew,1915
2456125,Zvi Guershoni,politician,Bălți,male,Hebrew University of Jerusalem,Hebrew,1915
2906988,Ben-Zion Halfon,politician,Tripoli,male,,Hebrew,1930
2900604,Yehonatan Yifrah,politician,Morocco,male,,Hebrew,1929
532085,Moshe Wertman,politician,Tomaszów Lubelski,male,,Hebrew,1924
2901672,Avraham Katz,politician,Ness Ziona,male,Hebrew University of Jerusalem,Hebrew,1931
2906138,Haim Corfu,association football player,Jerusalem,male,Hebrew University of Jerusalem,Hebrew,1921
2907513,Avraham Shekhterman,writer,Odessa,male,Ghent University,Hebrew,1910
361315,Simha Erlich,politician,Bychawa,male,,Hebrew,1915
1175220,David Levy,politician,Rabat,male,,Moroccan Arabic,1937
2333006,Ya'akov Nehushtan,politician,Kazanlak,male,Hebrew University of Jerusalem,Hebrew,1925
216039,Binyamin Halevi,advocate,Weißenfels,male,Humboldt University of Berlin,Hebrew,1910
2902051,Dov Milman,diplomat,Riga,male,University of London,Hebrew,1919
434195,Yoram Aridor,lawyer,Tel Aviv,male,Hebrew University of Jerusalem,Hebrew,1933
2901099,Ben-Zion Keshet,politician,Riga,male,,Hebrew,1914
2910400,Zevulun Hammer,politician,Haifa,male,Bar-Ilan University,Hebrew,1936
2910391,Moshe-Zvi Neria,rosh yeshiva,Łódź,male,,Hebrew,1913
2900373,Simcha Friedman,educator,Střížov,male,Humboldt University of Berlin,Hebrew,1911
350744,Isser Harel,politician,Vitebsk,male,,Hebrew,1912
2905759,Meir Avizohar,journalist,Jerusalem,male,London School of Economics and Political Science,Hebrew,1923
434182,Yigal Hurvitz,politician,Rishon LeZion,male,,Hebrew,1918
2910374,Avraham Verdiger,painter,Łódź,male,,Russian,1921
2909310,Shalom Cohen,journalist,Baghdad,male,Hebrew University of Jerusalem,Hebrew,1926
2901519,Yehuda Dranitzki,trade unionist,Odessa,male,London School of Economics and Political Science,Hebrew,1910
2900195,Aharon Efrat,trade unionist,Lutsk,male,,Hebrew,1911
2900343,Avraham Givelber,politician,Poland,male,,Hebrew,1910
2778248,Menachem Hacohen,rabbi,Jerusalem,male,,Hebrew,1932
2778335,Michael Harish,journalist,Timișoara,male,Hebrew University of Jerusalem,Hungarian,1936
438444,Esther Herlitz,diplomat,Berlin,female,,Hebrew,1921
2906334,Nuzhat Katzav,politician,Baghdad,female,Hebrew University of Jerusalem,Hebrew,1932
2901964,Eliyahu Moyal,politician,Salé,male,Hebrew University of Jerusalem,Hebrew,1920
2908342,Ora Namir,politician,Hadera,female,Levinsky College of Education,Hebrew,1930
34060,Yitzhak Rabin,politician,Jerusalem,male,,English,1922
2900689,Eliezer Ronen,advocate,Mexico City,male,Doctor of Economics,Hebrew,1931
143172,Yossi Sarid,educator,Rehovot,male,New School,Hebrew,1940
2906636,Moshe Shahal,advocate,Baghdad,male,University of Haifa,Hebrew,1934
2901527,Meir Talmi,politician,Warsaw,male,,Hebrew,1909
2900471,Aviad Yafeh,politician,Rehovot,male,Hebrew University of Jerusalem,Hebrew,1923
2886487,Aharon Yariv,politician,Moscow,male,,Hebrew,1920
548185,Moshe Arens,engineer,Kaunas,male,Massachusetts Institute of Technology,English,1925
2904346,Yedidia Be'eri,politician,Bytom,male,Tel Aviv University,Hebrew,1931
2901616,Meir Cohen-Avidov,politician,Haifa,male,,Hebrew,1926
2889981,Geula Cohen,politician,Tel Aviv,female,Hebrew University of Jerusalem,Hebrew,1925
2904437,Matityahu Drobles,politician,Warsaw,male,,Hebrew,1931
2904719,Leon Dycian,trade unionist,Austria,male,,Hebrew,1911
2901119,Yehezkel Flomin,economist,Jerusalem,male,Tel Aviv University,Hebrew,1935
2904677,Pesah Grupper,politician,Tel Aviv,male,,Hebrew,1924
2909741,Amnon Linn,politician,Mishmar HaEmek,male,Hebrew University of Jerusalem,Hebrew,1924
2447659,Eitan Livni,industrialist,Grodno,male,,Hebrew,1919
911074,Yitzhak Moda'i,industrialist,Tel Aviv,male,London School of Economics and Political Science,Hebrew,1926
2911436,Akiva Nof,songwriter,Tel Aviv,male,Hebrew University of Jerusalem,Hebrew,1936
93181,Ehud Olmert,politician,Binyamina-Giv'at Ada,male,Hebrew University of Jerusalem,Hebrew,1945
2906997,Gideon Patt,economist,Jerusalem,male,New York University,German,1933
2906980,Yitzhak Peretz,politician,Casablanca,male,,Hebrew,1936
184351,Yitzhak Shamir,diplomat,Ružany,male,University of Warsaw,German,1915
60206,Ariel Sharon,military officer,Kfar Malal,male,Tel Aviv University,English,1928
145171,Zalman Shoval,politician,Gdańsk,male,University of Geneva,Hebrew,1930
791344,Avraham Yoffe,politician,Yavne'el,male,,Hebrew,1913
2910680,Aharon Abuhatzira,pedagogue,Erfoud,male,Bar-Ilan University,Hebrew,1938
47991,Eliezer Avtabi,politician,Takab,male,,Hebrew,1938
2904656,Yehuda Ben-Meir,politician,New York City,male,Columbia University,Hebrew,1939
2777542,Avraham Melamed,scientist,Lithuania,male,Tel Aviv University,Hebrew,1921
2901639,Pinhas Scheinman,politician,Kraków,male,,Hebrew,1912
2778213,Yehuda Meir Abramowicz,politician,Konstantynów Łódzki,male,,Hebrew,1915
2905212,Hillel Seidel,politician,Kraków,male,,Hebrew,1920
2919693,Avraham Levenbraun,politician,Ștefănești,male,,Hebrew,1916
968637,Tawfiq Ziad,politician,Nazareth,male,,Hebrew,1929
2903255,Marcia Freedman,peace activist,Newark,female,Bennington College,Hebrew,1938
2903478,Boaz Moav,pedagogue,Tel Aviv,male,Tel Aviv University,Hebrew,1938
2083643,Meir Pa'il,military officer,Jerusalem,male,Tel Aviv University,Hebrew,1926
580909,Hamad Abu Rabia,politician,Negev,male,,Hebrew,1929
2919715,Elyakim Badian,engineer,Chernivtsi,male,Technion – Israel Institute of Technology,Hebrew,1925
983112,Yitzhak Berman,politician,Berdychiv,male,University of London,Hebrew,1913
504126,Yigal Cohen-Orgad,economist,Tel Aviv,male,economist,Hebrew,1937
2902039,Yigal Cohen,politician,Tel Adashim,male,Hebrew University of Jerusalem,Hebrew,1928
2904183,Michael Dekel,politician,Pinsk,male,Tel Aviv University,Hebrew,1920
2778006,Sarah Doron,politician,Kaunas,female,,Hebrew,1922
181832,Moshe Katsav,politician,Yazd,male,Hebrew University of Jerusalem,Arabic,1945
2904671,Haim Kaufman,politician,Tel Aviv,male,,English,1934
2902025,Moshe Meron,lawyer,Kaliningrad,male,,Hebrew,1926
945024,Roni Milo,lawyer,Tel Aviv,male,Tel Aviv University,Hebrew,1949
2776502,Amal Nasser el-Din,politician,Daliyat al-Karmel,male,,Arabic,1927
2906678,Shmuel Rechtman,trade unionist,Rehovot,male,,Hebrew,1924
2901936,Yosef Rom,politician,Warsaw,male,California Institute of Technology,Hebrew,1932
983248,Menachem Savidor,politician,Bakhmut,male,Vilnius University,Hebrew,1917
1948944,Moshe Shamir,politician,Safed,male,Herzliya Hebrew Gymnasium,Hebrew,1921
434978,Avraham Sharir,lawyer,Romania,male,Tel Aviv University,Hebrew,1932
573858,Dov Shilansky,advocate,Šiauliai,male,Hebrew University of Jerusalem,Yiddish,1924
2904724,Mordechai Tzipori,military officer,Petah Tikva,male,Tel Aviv University,Hebrew,1924
128911,Ezer Weizman,politician,Tel Aviv,male,,Hebrew,1924
2901400,Moshe Amar,politician,Safed,male,,Hebrew,1922
2919932,Jacques Amir,trade unionist,Essaouira,male,,Hebrew,1933
467150,Haim Bar-Lev,military officer,Vienna,male,Columbia University,Hebrew,1924
2909091,Uzi Baram,politician,Jerusalem,male,Hebrew University of Jerusalem,Hebrew,1937
2907928,Tamar Eshel,politician,London,female,University of London,Hebrew,1920
1963442,Naftali Feder,politician,Olkusz,male,,Hebrew,1920
2900487,Amos Hadar,politician,Nahalal,male,,Hebrew,1923
2909329,Yeruham Meshel,trade unionist,Pinsk,male,,Hebrew,1912
434179,Yehoshua Rabinovitz,politician,Višnieva,male,Tel Aviv University,Hebrew,1911
2900128,Daniel Rosolio,politician,Tel Aviv,male,Tel Aviv University,Hebrew,1927
1328923,Eliyahu Speiser,politician,Haifa,male,Hebrew University of Jerusalem,Hebrew,1930
2920244,Yehezkel Zakai,politician,Kurdistan,male,,Hebrew,1932
449095,Meir Amit,military officer,Tiberias,male,Columbia Business School,Hebrew,1921
2910048,Shafik Assad,trade unionist,Beit Jann,male,,Hebrew,1937
2920413,Zeidan Atashi,politician,Isfiya,male,Hebrew University of Jerusalem,Arabic,1940
2905815,Mordechai Elgrably,industrialist,Meknes,male,Hebrew University of Jerusalem,Hebrew,1944
2900185,David Golomb,manager,Tel Aviv,male,Hebrew University of Jerusalem,Hebrew,1933
2890919,Amnon Rubinstein,politician,Tel Aviv,male,London School of Economics and Political Science,French,1931
2916233,Shmuel Toledano,intelligence agent,Tiberias,male,,Hebrew,1921
551409,Mordechai Virshubski,lawyer,Leipzig,male,Hebrew University of Jerusalem,Hebrew,1930
216046,Stef Wertheimer,industrialist,Kippenheim,male,,Hebrew,1926
359699,Yigael Yadin,military personnel,Jerusalem,male,Hebrew University of Jerusalem,Hebrew,1917
2903022,Assaf Yaguri,politician,Yagur,male,,Hebrew,1931
1371893,Meir Zorea,military officer,Chișinău,male,Hebrew Reali School,Hebrew,1923
2915616,Haim Drukman,rabbi,Kuty,male,Mercaz HaRav Kook,English,1932
2902437,David Glass,lawyer,Balfouria,male,Hebrew University of Jerusalem,Hebrew,1936
2901540,Ben-Zion Rubin,politician,Tripoli,male,Hebrew University of Jerusalem,Hebrew,1939
2902389,Sara Stern-Katan,social worker,Łódź,female,Simmons University,Hebrew,1919
2776774,Charlie Biton,politician,Casablanca,male,,Hebrew,1947
2900513,Hanna Mwais,politician,Rameh,male,,Hebrew,1913
2908953,Yitzhak Yitzhaky,psychologist,Tiberias,male,Bar-Ilan University,Hebrew,1936
2889629,Shmuel Flatto-Sharon,politician,Łódź,male,,Hebrew,1930
1328935,Eliyahu Ben-Elissar,spy,Radom,male,University of Paris,French,1932
2908223,Miriam Glazer-Ta'asa,educator,Yemen,female,Hebrew University of Jerusalem,Hebrew,1929
2903271,Pinhas Goldstein,politician,Tel Aviv,male,Hebrew University of Jerusalem,Hebrew,1939
2901738,Eliezer Kulas,lawyer,Kyzylorda,male,Hebrew University of Jerusalem,Hebrew,1944
2907544,David Magen,politician,Fez,male,,Judeo-Moroccan,1945
2905913,Yehuda Perah,pedagogue,Jerusalem,male,Tel Aviv University,Hebrew,1924
2907100,Michael Reisser,politician,Tel Aviv,male,Tel Aviv University,Hebrew,1946
2900545,Zvi Rener,politician,Galicia,male,,Hebrew,1910
2900629,Yitzhak Seyger,politician,Haifa,male,Hebrew University of Jerusalem,Hebrew,1936
2902244,Benny Shalita,politician,Haifa,male,,Hebrew,1934
939899,Meir Sheetrit,politician,Safi,male,Bar-Ilan University,Moroccan Arabic,1948
2976067,David Shiffman,manager,Warsaw,male,,Hebrew,1923
983154,Dan Tichon,economist,Kiryat Haim,male,Hebrew University of Jerusalem,Hebrew,1937
167501,Dror Zeigerman,politician,Ness Ziona,male,Hebrew University of Jerusalem,Hebrew,1948
2908930,Nava Arad,trade unionist,Hulda,female,Hebrew University of Jerusalem,English,1938
971962,Michael Bar-Zohar,biographer,Sofia,male,Hebrew University of Jerusalem,Hebrew,1938
2902064,Dov Ben-Meir,trade unionist,Ciechocinek,male,Hebrew University of Jerusalem,Hebrew,1927
2902124,Naftali Blumenthal,politician,Ivano-Frankivsk,male,,Hebrew,1922
2905752,Rafael Edri,politician,Casablanca,male,,French,1937
2904710,Ya'akov Gil,politician,Jerusalem,male,Hebrew University of Jerusalem,Hebrew,1931
2902957,Elazar Granot,poet,Jerusalem,male,Hebrew University of Jerusalem,Hebrew,1927
1335169,Mordechai Gur,military officer,Jerusalem,male,Harvard University,English,1930
2908970,Aharon Harel,trade unionist,Pinsk,male,Hebrew University of Jerusalem,Hebrew,1932
2901747,Moshe Harif,politician,Sosnowiec,male,Technion – Israel Institute of Technology,Hebrew,1933
2900135,Yehuda Hashai,photographer,Ad Dali',male,Tel Aviv University,Hebrew,1934
295141,Chaim Herzog,diplomat,Belfast,male,University of Cambridge,Hebrew,1918
2908982,Avraham Katz-Oz,politician,Tel Aviv,male,Rehovot Campus of the Hebrew University,English,1934
2900165,Hamad Khalaily,politician,Sakhnin,male,,Hebrew,1928
2900503,Aharon Nahmias,politician,Safi,male,,Hebrew,1932
2900581,Ra'anan Naim,politician,Benghazi,male,,Hebrew,1935
2905257,Aryeh Nehemkin,politician,Nahalal,male,,Hebrew,1925
2909032,Emri Ron,politician,Mishmar HaEmek,male,,Hebrew,1936
2900521,Uri Sebag,trade unionist,Safi,male,,Hebrew,1931
2900704,Rafael Suissa,politician,Casablanca,male,Bar-Ilan University,Hebrew,1935
2253290,Yair Tsaban,pedagogue,Jerusalem,male,Tel Aviv University,Hebrew,1930
2776738,Ya'akov Tzur,politician,Haifa,male,Hebrew Reali School,Hebrew,1937
2901989,Muhammed Wattad,politician,Jatt,male,Tel Aviv University,Hebrew,1937
574033,Shevah Weiss,writer,Boryslav,male,Hebrew University of Jerusalem,English,1935
2915117,Shmuel Halpert,politician,Cluj-Napoca,male,,German,1939
2778243,Avraham Yosef Shapira,politician,Lviv,male,,German,1921
471965,Yuval Ne'eman,physicist,Tel Aviv,male,Imperial College London,Hebrew,1925
263543,Hanan Porat,rabbi,Kfar Pines,male,,English,1943
2778276,Yitzhak Artzi,politician,Siret,male,Tel Aviv University,Hebrew,1920
2906098,Abdulwahab Darawshe,educator,فلسطين,male,University of Haifa,Hebrew,1943
953882,Simcha Dinitz,diplomat,Tel Aviv,male,Walsh School of Foreign Service,Hebrew,1929
2776909,Yisrael Kessar,economist,Sanaa,male,Tel Aviv University,Hebrew,1931
434987,David Libai,lawyer,Tel Aviv,male,Hebrew University of Jerusalem,English,1934
2907019,Yitzhak Peretz,rabbi,Casablanca,male,,Arabic,1938
652581,Haim Ramon,trade unionist,Jaffa,male,Tel Aviv University,English,1950
2901954,Nahman Raz,politician,Ein Harod,male,Hebrew University of Jerusalem,Hebrew,1924
2906764,Amira Sartani,politician,Merhavia,female,Tel Aviv University,Hebrew,1931
2900119,Efraim Shalom,politician,Iraq,male,,Hebrew,1934
2904395,Edna Solodar,politician,Ashdot Ya'akov,female,,Hebrew,1930
1820307,Michael Eitan,minister,Tel Aviv,male,Tel Aviv University,English,1944
2907047,Ovadia Eli,manager,Khanaqin,male,University of Haifa,English,1945
2919836,Gideon Gadot,writer,Bnei Brak,male,,Hebrew,1941
2660886,Uzi Landau,politician,Haifa,male,Technion – Israel Institute of Technology,English,1943
2901987,Uriel Lynn,advocate,Jerusalem,male,"University of California, Berkeley",Hebrew,1935
2904753,Joshua Matza,economist,Jerusalem,male,,French,1931
1159122,Dan Meridor,military personnel,Jerusalem,male,Hebrew University of Jerusalem,French,1947
2900496,Ariel Weinstein,politician,Jerusalem,male,,Hebrew,1932
365524,Rafael Eitan,military officer,Tel Adashim,male,,English,1929
2900571,Gershon Shafat,businessperson,Vienna,male,,Hebrew,1927
516228,Eliezer Waldman,politician,Petah Tikva,male,Brooklyn College,Hebrew,1937
2901999,David Danino,politician,Marrakesh,male,Bar-Ilan University,Hebrew,1924
2909821,Avner Shaki,lawyer,Safed,male,Hebrew University of Jerusalem,Arabic,1926
2906605,Rafael Pinhasi,politician,Kabul,male,,Hebrew,1940
2777806,Ya'akov Yosef,rabbi,Jerusalem,male,,Hebrew,1946
2906710,Shimon Ben-Shlomo,educator,Yemen,male,,Hebrew,1942
2902302,Mordechai Bar-On,researcher,Tel Aviv,male,Columbia University,Hebrew,1928
2890702,Ran Cohen,politician,Baghdad,male,Tel Aviv University,Hebrew,1937
5103919,Shlomo Amar,politician,Haifa,male,,Hebrew,1935
128888,Binyamin Ben-Eliezer,brigadier general,Basra,male,,Hebrew,1936
2902417,Mohammed Miari,politician,Al-Birwa,male,Hebrew University of Jerusalem,Hebrew,1939
2778068,Mattityahu Peled,military officer,Haifa,male,Hebrew University of Jerusalem,Arabic,1923
247538,Meir Kahane,politician,Brooklyn,male,Mir yeshiva (Brooklyn),Hebrew,1932
2909043,Shaul Amor,politician,Boujad,male,,Hebrew,1940
2663586,Benny Begin,politician,Jerusalem,male,Hebrew University of Jerusalem,English,1943
2901579,Yosef Goldberg,politician,Metula,male,,Hebrew,1942
2301106,Tzachi Hanegbi,trade unionist,Jerusalem,male,Hebrew University of Jerusalem,English,1957
43723,Benjamin Netanyahu,politician,Tel Aviv,male,Massachusetts Institute of Technology,English,1949
455854,Reuven Rivlin,politician,Jerusalem,male,Hebrew University of Jerusalem,English,1939
2778280,Yehoshua Saguy,politician,Jerusalem,male,Tel Aviv University,Hebrew,1933
2900640,Ya'akov Shamai,politician,Jerusalem,male,,English,1940
548964,Yossi Beilin,opinion journalist,Petah Tikva,male,Tel Aviv University,French,1948
2909723,Eli Ben-Menachem,politician,Mumbai,male,,English,1947
736237,Avraham Burg,politician,Jerusalem,male,Hebrew University of Jerusalem,Hebrew,1955
2906742,Ra'anan Cohen,politician,Baghdad,male,Tel Aviv University,Arabic,1941
2904798,Eli Dayan,lawyer,Kalaat M'Gouna,male,Hebrew University of Jerusalem,Hebrew,1949
2904347,Gedalia Gal,politician,Magdiel,male,,English,1933
2904939,Micha Goldman,politician,Kfar Tavor,male,University of Haifa,Hebrew,1948
2890624,Efraim Gur,politician,Kulashi,male,,Judaeo-Georgian,1955
2907092,Nawaf Massalha,politician,Kafr Qara,male,Tel Aviv University,Hebrew,1943
2907296,Hagai Meirom,politician,Afula,male,Tel Aviv University,English,1946
472117,Amir Peretz,politician,Boujad,male,,Hebrew,1952
2909079,Shimon Shetreet,lawyer,Erfoud,male,University of Chicago Law School,English,1946
791348,Avraham Shochat,politician,Tel Aviv,male,Technion – Israel Institute of Technology,Hebrew,1936
949226,Emanuel Zisman,diplomat,Plovdiv,male,,Bulgarian,1935
248159,Yosef Azran,rabbi,Marrakesh,male,Ponevezh Yeshiva,English,1941
2907032,Shlomo Dayan,politician,Tétouan,male,,Hebrew,1952
2909069,Aryeh Gamliel,politician,Beersheba,male,,Judeo-Yemeni Arabic,1951
2906971,Yair Levy,politician,Tiberias,male,,English,1952
2904329,Moshe Ze'ev Feldman,rabbi,Eisenstadt,male,,Hebrew,1930
2903243,Eliezer Mizrahi,politician,Rehovot,male,,Hebrew,1945
2910047,David Zucker,politician,Haifa,male,Hebrew University of Jerusalem,Hebrew,1948
2907559,Yigal Bibi,politician,Tiberias,male,Bar-Ilan University,Hebrew,1942
2910106,Yitzhak Levy,rabbi,Casablanca,male,,French,1947
2910130,Hussein Faris,politician,Sha'ab,male,University of Haifa,Hebrew,1936
981725,Haim Oron,politician,Givatayim,male,,Hebrew,1940
2778315,Yoash Tzidon,Aliyah Bet activist,Focșani,male,Technion – Israel Institute of Technology,Hebrew,1926
2909748,Yair Sprinzak,chemist,Tel Aviv,male,Université libre de Bruxelles,Hebrew,1911
170310,Rehavam Ze'evi,politician,Jerusalem,male,,Hebrew,1926
2573759,Avraham Poraz,lawyer,Bucharest,male,Hebrew University of Jerusalem,English,1945
2386604,Moshe Gafni,politician,Tel Aviv,male,,Hebrew,1952
2614411,Avraham Ravitz,politician,Tel Aviv,male,Hebron Yeshiva,English,1934
2910660,Shmuel Avital,politician,Casablanca,male,Ben-Gurion University of the Negev,English,1951
2904289,Shlomo Bohbot,politician,Morocco,male,,French,1942
268262,Yael Dayan,writer,Nahalal,female,Hebrew University of Jerusalem,English,1939
2904337,Rafi Elul,politician,Morocco,male,Bar-Ilan University,Moroccan Arabic,1957
2907550,Eli Goldschmidt,advocate,Tel Aviv,male,Tel Aviv University,Hebrew,1953
234190,Dalia Itzik,politician,Jerusalem,female,Hebrew University of Jerusalem,Hebrew,1952
2081340,Avigdor Kahalani,politician,Ness Ziona,male,Tel Aviv University,Hebrew,1944
2904313,Yossi Katz,advocate,Haifa,male,Hebrew University of Jerusalem,German,1949
2904284,Yoram Lass,university teacher,Israel,male,Hebrew University of Jerusalem,English,1945
2908277,Masha Lubelsky,trade unionist,Herzliya,female,,Yiddish,1936
2777873,Ori Orr,politician,Kfar Ma'as,male,Tel Aviv University,Hebrew,1939
2902314,Gideon Sagi,politician,Petah Tikva,male,Hebrew University of Jerusalem,Hebrew,1939
2901767,Ya'akov Shefi,politician,Petah Tikva,male,,Hebrew,1941
1296492,Efraim Sneh,physician,Tel Aviv,male,Tel Aviv University,English,1944
2628087,Salah Tarif,politician,Julis,male,University of Haifa,English,1954
2900697,Yosef Vanunu,economist,El Kelaa des Sraghna,male,Bar-Ilan University,Spanish,1945
2908301,Avraham Yehezkel,politician,Tel Aviv,male,Tel Aviv University,Hebrew,1958
461900,Nissim Zvili,politician,Mahdia,male,Bar-Ilan University,Hebrew,1942
2905433,Assad Assad,politician,Beit Jann,male,University of Haifa,English,1944
2777415,Naomi Blumenthal,actor,Bitzaron,female,Bar-Ilan University,Hebrew,1943
547800,Abraham Hirchson,politician,Tel Mond,male,,English,1941
522242,Limor Livnat,politician,Haifa,female,Tel Aviv University,Hebrew,1950
2908231,David Mena,lawyer,Or Yehuda,male,Bar-Ilan University,Arabic,1953
361323,Ron Nachman,politician,Tel Aviv,male,Tel Aviv University,Hebrew,1942
553567,Silvan Shalom,economist,Gabès,male,Ben-Gurion University of the Negev,French,1958
2890162,Naomi Chazan,politician,Jerusalem,female,Hebrew University of Jerusalem,French,1946
2911768,Anat Maor,journalist,Negba,female,Tel Aviv University,Hebrew,1945
2901716,Walid Haj Yahia,pedagogue,Taibe,male,Hebrew University of Jerusalem,Arabic,1936
2902290,Binyamin Temkin,pedagogue,Monterrey,male,Universidad Autónoma de Nuevo León,English,1945
2905455,Pini Badash,politician,Gilat,male,Ben-Gurion University of the Negev,Hebrew,1952
2904424,Haim Dayan,politician,Migdal HaEmek,male,,Hebrew,1960
2975491,Alex Goldfarb,politician,Romania,male,,Romanian,1947
2776377,Moshe Peled,military officer,Beit HaShita,male,,Hebrew,1945
2778132,Esther Salmovitz,advocate,Romania,female,,Hungarian,1948
2910007,Eliezer Sandberg,lawyer,Haifa,male,Tel Aviv University,English,1962
2910435,Gonen Segev,politician,Kiryat Motzkin,male,Ben-Gurion University of the Negev,Hebrew,1956
2916597,Shaul Yahalom,politician,Tel Aviv,male,Bar-Ilan University,English,1947
2916912,Shlomo Benizri,politician,Haifa,male,,English,1961
2670985,Aryeh Deri,politician,Meknes,male,,Moroccan Arabic,1959
2906376,Moshe Maya,rabbi,Petah Tikva,male,Ponevezh Yeshiva,Hebrew,1938
2890070,Tamar Gozansky,activist,Petah Tikva,female,economist,Russian,1940
2908359,Hashem Mahameed,politician,Umm al-Fahm,male,Tel Aviv University,English,1945
2909415,Yosef Ba-Gad,politician,Jerusalem,male,Bar-Ilan University,Yiddish,1932
2902091,Shaul Gutman,pedagogue,Rehovot,male,"University of California, Berkeley",English,1945
2890855,Taleb el-Sana,politician,"Tel Arad, Israel",male,Hebrew University of Jerusalem,Hebrew,1960
2910139,Adisu Massala,politician,Gondar,male,Bar-Ilan University,Amharic,1961
2907203,Efi Oshaya,politician,Israel,male,,Hebrew,1956
125731,Ehud Barak,military officer,Mishmar HaSharon,male,Hebrew University of Jerusalem,Hebrew,1942
1337669,Ophir Pines-Paz,politician,Rishon LeZion,male,Tel Aviv University,English,1961
2630086,Shalom Simhon,social worker,Kfar Saba,male,University of Haifa,Hebrew,1956
559208,Shlomo Ben-Ami,politician,Morocco,male,Tel Aviv University,Spanish,1943
462726,Sofa Landver,politician,Saint Petersburg,female,,Russian,1949
1371549,Yona Yahav,politician,Haifa,male,Hebrew University of Jerusalem,German,1944
2901591,David Re'em,politician,Haifa,male,,Hebrew,1953
920526,Gideon Ezra,businessperson,Jerusalem,male,University of Haifa,German,1937
2890150,Maxim Levy,politician,Rabat,male,,French,1950
2037896,Michael Kleiner,politician,Munich,male,Tel Aviv University,Polish,1948
961939,Yehuda Lancry,university teacher,Boujad,male,University of Nice Sophia Antipolis,English,1947
29427,Yitzhak Mordechai,military officer,Iraq,male,University of Haifa,English,1944
197108,Ze'ev Boim,politician,Jerusalem,male,Hebrew University of Jerusalem,Hebrew,1943
2331314,David Azulai,politician,Meknes,male,,Hebrew,1954
2916806,David Tal,politician,Rehovot,male,,Tunisian Arabic,1950
557424,Eli Yishai,politician,Jerusalem,male,,Hebrew,1962
2907721,Nissim Dahan,politician,Morocco,male,,English,1954
2915390,Yitzhak Cohen,politician,Ashkelon,male,,Arabic,1951
2331109,Yitzhak Vaknin,politician,Israel,male,,English,1958
7183505,Avraham Stern,politician,Haifa,male,University of Haifa,Yiddish,1935
2900557,Shmaryahu Ben-Tzur,pedagogue,Yemen,male,Bar-Ilan University,Hebrew,1944
2891122,Zvi Hendel,politician,Romania,male,,Hebrew,1949
271402,Marina Solodkin,politician,Moscow,female,Moscow State University Faculty of Economics,English,1952
1371452,Michael Nudelman,politician,Kyiv,male,Lviv Polytechnic,Russian,1938
360961,Natan Sharansky,mathematician,Donetsk,male,Q42952392,Russian,1948
2890361,Roman Bronfman,opinion journalist,Chernivtsi,male,Chernivtsi University,Russian,1954
1711779,Yuli-Yoel Edelstein,politician,Chernivtsi,male,,Russian,1958
1382012,Yuri Stern,economist,Moscow,male,Moscow State University Faculty of Economics,English,1949
2904703,Zvi Weinberg,politician,Kraków,male,,English,1935
400729,Ahmad Sa'd,journalist,Israel,male,Saint Petersburg State University,Russian,1945
313589,Azmi Bishara,philosopher,Nazareth,male,Humboldt University of Berlin,Hebrew,1956
2900436,Saleh Saleem,politician,Israel,male,,Hebrew,1953
1391548,Meir Porush,politician,Jerusalem,male,,English,1955
132095,Alexander Lubotzky,mathematician,Tel Aviv,male,Bar-Ilan University,English,1956
2900647,Yehuda Harel,politician,Berlin,male,Tel Aviv University,Hebrew,1934
2890168,Abdulmalik Dehamshe,lawyer,Israel,male,Hebrew University of Jerusalem,Arabic,1943
2902373,Tawfik Khatib,politician,Jaljulia,male,Bar-Ilan University,Arabic,1954
2904001,Binyamin Elon,rabbi,Jerusalem,male,,English,1954
1380540,Matan Vilnai,military personnel,Jerusalem,male,,Hebrew,1944
706701,Michael Melchior,politician,Denmark,male,,Hebrew,1954
2908339,Weizman Shiri,politician,Israel,male,,English,1956
2910042,Dan Naveh,politician,Israel,male,Hebrew University of Jerusalem,English,1960
487304,Yisrael Katz,politician,Ashkelon,male,Hebrew University of Jerusalem,English,1955
151796,Tzipi Livni,diplomat,Tel Aviv,female,Bar-Ilan University,French,1958
2584267,Ayoub Kara,politician,Daliyat al-Karmel,male,Tel Aviv University,Arabic,1955
2907072,Eli Suissa,rabbi,Casablanca,male,,Judeo-Moroccan,1956
2331325,Amnon Cohen,politician,Samarkand,male,Bar-Ilan University,Hebrew,1960
2907004,Rahamim Malul,politician,Morocco,male,,Hebrew,1946
2915482,Meshulam Nahari,politician,Jerusalem,male,,Arabic,1951
2906357,Yitzhak Saban,politician,Israel,male,,Spanish,1952
2612867,Nissim Ze'ev,politician,Jerusalem,male,,Hebrew,1951
2909722,Yair Peretz,politician,Morocco,male,,Hebrew,1954
2906325,Ofer Hugi,politician,Israel,male,,English,1962
2908328,Yitzhak Gagula,politician,Georgia,male,Ono Academic College,Georgian,1964
2630062,Zehava Gal-On,politician,Vilnius,female,Beit Berl College,Yiddish,1956
2890777,Avshalom Vilan,economist,Israel,male,Hebrew University of Jerusalem,Hebrew,1951
2630091,Ilan Gilon,politician,Galați,male,http://www.wikidata.org/.well-known/genid/90b6973982427aff6b10fa810ce459a0,Hebrew,1956
2907520,Hussniya Jabara,politician,Taibe,female,Wingate Institute,English,1958
2901947,Gennady Riger,engineer,Soviet Union,male,Lviv University,English,1948
2907063,Alexander Tzinker,politician,Ukraine,male,,Hebrew,1953
471751,Tommy Lapid,journalist,Novi Sad,male,Tel Aviv University,English,1931
273685,Yehudit Naot,university teacher,Israel,female,Technion – Israel Institute of Technology,Czech,1944
2909435,Yosef Paritzky,lawyer,Israel,male,Hebrew University of Jerusalem,Hebrew,1955
2000478,Victor Brailovsky,mathematician,Moscow,male,Moscow Power Engineering Institute,Russian,1935
473775,Amnon Lipkin-Shahak,military officer,Tel Aviv,male,Tel Aviv University,Hebrew,1944
2906706,Uri Savir,diplomat,Jerusalem,male,Hebrew University of Jerusalem,French,1953
2910025,Dalia Rabin-Pelossof,lawyer,Israel,female,Tel Aviv University,English,1950
2581598,Zevulun Orlev,politician,Rehovot,male,Hebrew University of Jerusalem,English,1945
2120884,Ya'akov Litzman,politician,Germany,male,Tshibin Yeshiva,Yiddish,1948
2901955,Muhamad Kanan,politician,Tamra,male,Ben-Gurion University of the Negev,Arabic,1955
2582008,Mohammad Barakeh,politician,Shfaram,male,Tel Aviv University,Hebrew,1955
2890532,Issam Makhoul,politician,Israel,male,University of Haifa,Hebrew,1952
58311,Avigdor Lieberman,chief executive officer,Chișinău,male,Agricultural State University of Moldova,Yiddish,1958
975776,Eliezer Cohen,politician,Jerusalem,male,Tel Aviv University,French,1934
2420712,Ahmad Tibi,physician,Taibe,male,Hebrew University of Jerusalem,Hebrew,1958
2583214,Haim Katz,politician,Germany,male,,English,1947
445611,Gila Gamliel,trade unionist,Gedera,female,Ben-Gurion University of the Negev,Arabic,1974
1362317,Yuval Steinitz,politician,Ramot HaShavim,male,Tel Aviv University,Hebrew,1958
2612708,Ruhama Avraham,politician,Rishon LeZion,female,Bar-Ilan University,English,1964
966349,Gideon Sa'ar,journalist,Tel Aviv,male,Tel Aviv University,Hebrew,1966
2777511,Daniel Benlulu,politician,Morocco,male,,Hebrew,1958
2909322,Michael Ratzon,lawyer,Petah Tikva,male,Bar-Ilan University,French,1952
945253,Majalli Wahabi,politician,Beit Jann,male,University of Haifa,Arabic,1954
2141400,Yaakov Edri,politician,Morocco,male,University of Haifa,French,1950
2909295,Ehud Yatom,politician,Israel,male,,Hebrew,1948
2748768,Eli Aflalo,politician,Casablanca,male,,French,1952
265006,Moshe Kahlon,politician,Hadera,male,Netanya Academic College,Hebrew,1960
1344931,Omri Sharon,politician,Israel,male,,Hebrew,1964
2907371,Michael Gorlovsky,politician,Dzerzhinsk,male,,Russian,1963
2910119,Inbal Gavrieli,politician,Tel Aviv,female,Reichman University,Hebrew,1975
2663804,Gilad Erdan,politician,Ashkelon,male,Bar-Ilan University,Hebrew,1970
1361809,Roni Bar-On,lawyer,Tel Aviv,male,Hebrew University of Jerusalem,Hebrew,1948
2907728,Yehiel Hazan,politician,Hadera,male,,English,1958
2330469,Leah Ness,politician,Israel,female,Bar-Ilan University,Hebrew,1961
477530,Amram Mitzna,politician,Afula,male,University of Haifa,Hebrew,1945
2563029,Yuli Tamir,politician,Tel Aviv,female,University of Oxford,Hebrew,1954
983258,Isaac Herzog,President of Israel,Tel Aviv,male,Ramaz School,English,1960
1159747,Danny Yatom,military officer,Netanya,male,Hebrew University of Jerusalem,Hebrew,1945
2613062,Eitan Cabel,politician,Rosh HaAyin,male,Hebrew University of Jerusalem,Hebrew,1959
2915700,Colette Avital,diplomat,Bucharest,female,,Portuguese,1939
2331049,Orit Noked,advocate,Jerusalem,female,Hebrew University of Jerusalem,English,1952
2909102,Ilan Shalgi,politician,Israel,male,Tel Aviv University,French,1945
2907195,Meli Polishook-Bloch,lawyer,Ra'anana,female,Tel Aviv University,Hebrew,1953
2907679,Reshef Hen,politician,Haifa,male,University of Essex,English,1968
2908349,Roni Brizon,politician,Tel Aviv,male,Tel Aviv University,English,1944
2907988,Ehud Rassabi,politician,Tel Aviv,male,Tel Aviv University,English,1953
2907997,Eti Livni,lawyer,Tel Aviv,female,,French,1948
2908312,Ilan Leibovitch,politician,Rehovot,male,Hebrew University of Jerusalem,Hebrew,1967
2907341,Hemi Doron,lawyer,Rishon LeZion,male,Tel Aviv University,Hebrew,1956
2907331,Yigal Yasinov,politician,Ukraine,male,,Russian,1966
2330483,Ya'akov Margi,politician,Morocco,male,,Hebrew,1960
2375726,Uri Ariel,politician,Afula,male,,Hebrew,1952
658454,Aryeh Eldad,physician,Tel Aviv,male,Tel Aviv University,English,1950
175792,Effi Eitam,military officer,Israel,male,Royal Military Academy Sandhurst,Hebrew,1952
2909390,Gila Finkelstein,politician,Tel Aviv,female,Tel Aviv University,Hebrew,1950
2909950,Nissan Slomiansky,physicist,Ramat Gan,male,Bar-Ilan University,Hebrew,1946
2614420,Yisrael Eichler,newspaper editor,Jerusalem,male,,Arabic,1955
2907696,Ilana Cohen,politician,Iraq,female,,Hebrew,1943
2504940,Jamal Zahalka,politician,Israel,male,Hebrew University of Jerusalem,Arabic,1955
2916393,Wasil Taha,politician,Israel,male,University of Haifa,English,1952
790699,Avi Dichter,warrior,Ashkelon,male,Tel Aviv University,English,1952
359689,Shaul Mofaz,military officer,Tehran,male,Bar-Ilan University,Hebrew,1948
2583898,Ze'ev Elkin,politician,Kharkiv,male,Hebrew University of Jerusalem,Hebrew,1971
2255438,Menachem Ben-Sasson,university teacher,Jerusalem,male,Hebrew University of Jerusalem,Hebrew,1951
939996,Ronit Tirosh,educator,Tel Aviv,female,Tel Aviv University,Arabic,1953
2613072,Otniel Schneller,politician,Jerusalem,male,Bar-Ilan University,English,1952
2777214,Amira Dotan,politician,Tel Aviv,female,Ben-Gurion University of the Negev,French,1947
2612715,Yoel Hasson,politician,Tel Aviv,male,Reichman University,English,1973
2907085,Shai Hermesh,politician,Israel,male,Hebrew University of Jerusalem,English,1944
2777786,Yitzhak Ben Yisrael,military officer,Tel Aviv,male,Tel Aviv University,English,1949
2903330,Yohanan Plesner,politician,England,male,John F. Kennedy School of Government,English,1972
2919162,Shlomo Mula,politician,Begemder,male,Bar-Ilan University,Hebrew,1965
791137,Avishay Braverman,pedagogue,Israel,male,Tel Aviv University,English,1948
470654,Ami Ayalon,politician,Tiberias,male,Bar-Ilan University,English,1945
2419510,Shelly Yachimovich,journalist,Kfar Saba,female,Ben-Gurion University of the Negev,English,1960
2776767,Nadia Hilou,social worker,Tel Aviv,female,Tel Aviv University,Hebrew,1953
2855739,Yoram Marciano,politician,Ramla,male,,Arabic,1964
705562,Raleb Majadele,politician,Baqa al-Gharbiyye,male,,Hebrew,1953
2331073,Shakhiv Shana'an,politician,Hurfeish,male,Tel Aviv University,Hebrew,1960
2899838,Leon Litinetsky,politician,Kazan,male,Tel Aviv University,English,1967
970354,Ariel Atias,chief executive officer,Tel Aviv,male,,Hebrew,1970
84093,Emil Amsalem,politician,Oran,male,,French,1959
2330514,Avraham Michaeli,politician,Kulashi,male,Bar-Ilan University,English,1957
2919803,Mazor Bahaina,rabbi,Ethiopia,male,,Hebrew,1973
675940,Rafi Eitan,sculptor,Ein Harod,male,London School of Economics and Political Science,English,1926
2916519,Yaakov Ben-Yezri,politician,Fez,male,,French,1927
2906666,Yitzhak Galanti,politician,Damascus,male,University of Haifa,Arabic,1937
2906757,Yitzhak Ziv,politician,Tel Aviv,male,,Hebrew,1937
2778290,Moshe Sharoni,politician,Buhuși,male,University of Haifa,Yiddish,1929
2778264,Sara Marom,politician,Dorohoi,female,,Hebrew,1934
2906667,Elhanan Glazer,politician,Rehovot,male,Technion – Israel Institute of Technology,Hebrew,1947
1385119,Israel Hasson,politician,Damascus,male,University of Haifa,English,1955
2373588,Yosef Shagal,writer,Baku,male,Azerbaijan State Pedagogical University,Azerbaijani,1949
528225,Esterina Tartman,politician,Jerusalem,female,,Hebrew,1957
1967775,Stas Misezhnikov,politician,Moscow,male,Tel Aviv University,English,1969
2044736,Yitzhak Aharonovich,politician,Jerusalem,male,University of Haifa,Hebrew,1950
974653,Robert Ilatov,politician,Andijan,male,Bar-Ilan University,English,1971
984473,Alex Miller,politician,Moscow,male,Tel Aviv University,Hebrew,1977
2059469,Lia Shemtov,politician,Chernivtsi,female,Chernivtsi University,Polish,1958
2059478,David Rotem,advocate,Bnei Brak,male,Hebrew University of Jerusalem,Yiddish,1949
2907245,Eliyahu Gabai,educator,Baghdad,male,Bar-Ilan University,Hebrew,1943
2330547,Uri Maklev,rabbi,Bnei Brak,male,Kol Torah,Yiddish,1957
2899881,Yehoshua Menachem Pollack,politician,Romania,male,Ponevezh Yeshiva,Hebrew,1948
467354,Tzvia Greenfield,human rights activist,Jerusalem,female,Hebrew University of Jerusalem,Hebrew,1945
2914999,Ibrahim Sarsur,politician,Kafr Qasim,male,Bar-Ilan University,Arabic,1959
2906664,Abbas Zakour,politician,Acre,male,Al-Quds University,Hebrew,1965
1660317,Hana Sweid,politician,Eilabun,male,Technion – Israel Institute of Technology,Hebrew,1955
2658565,Dov Khenin,politician,Petah Tikva,male,Tel Aviv University,Hebrew,1958
2916329,Said Nafa,politician,Israel,male,,English,1953
2080721,Ze'ev Bielski,politician,Jerusalem,male,Hebrew University of Jerusalem,Hebrew,1949
2612721,Nahman Shai,military officer,Mevaseret Zion,male,Bar-Ilan University,Hebrew,1946
2331382,Robert Tiviaev,politician,Derbent,male,Ivanovo State Power Engineering University,English,1961
2277956,Rachel Adato,lawyer,Haifa,female,Hebrew University of Jerusalem,English,1947
2330567,Aryeh Bibi,politician,Baghdad,male,,English,1943
2066203,Orit Zuaretz,politician,Krasnoyarsk,female,,Russian,1967
2060651,Yulia Shamalov-Berkovich,politician,Samarkand,female,Tel Aviv University,English,1964
2330582,Nino Abesadze,journalist,Tbilisi,female,Tbilisi State University,Russian,1965
2332924,Doron Avital,military officer,Israel,male,Tel Aviv University,Hebrew,1959
2892496,Avi Duan,politician,Israel,male,Bar-Ilan University,English,1955
2647610,Yuval Tzelner,manager,Israel,male,Reichman University,Hebrew,1978
2917373,Akram Hasoon,politician,Daliyat al-Karmel,male,,Hebrew,1959
4695783,Ahmed Dabbah,businessperson,Deir al-Asad,male,,Arabic,1955
981881,Moshe Ya'alon,military officer,Kiryat Haim,male,University of Haifa,English,1950
445606,Tzipi Hotovely,advocate,Rehovot,female,Tel Aviv University,English,1978
2330458,Yariv Levin,advocate,Israel,male,Hebrew University of Jerusalem,English,1969
2330498,Zion Pinyan,educator,Morocco,male,,Arabic,1951
2919440,Danny Danon,diplomat,Ramat Gan,male,Florida International University,Hebrew,1971
2330538,Carmel Shama,politician,Ramat Gan,male,Reichman University,Arabic,1973
2919288,Ofir Akunis,journalist,Tel Aviv,male,Herzliya Hebrew Gymnasium,Hebrew,1973
128949,Miri Regev,military officer,Kiryat Gat,female,Ono Academic College,English,1965
501917,Alali Adamso,politician,Ethiopia,male,Tel Aviv University,Hebrew,1963
466537,Orly Levy,politician,Beit She'an,female,Reichman University,English,1973
2914839,Danny Ayalon,economist,Tel Aviv,male,Bowling Green State University,English,1955
444147,Anastasia Michaeli,politician,Saint Petersburg,female,Saint Petersburg State University of Telecommunications,English,1975
462669,Faina Kirschenbaum,politician,Lviv,female,Bar-Ilan University,Russian,1955
1572575,Hamad Amar,politician,Israel,male,Bar-Ilan University,Hebrew,1964
2059487,Moshe Mutz Matlon,activist,Tel Aviv,male,Bar-Ilan University,English,1953
2331338,Daniel Ben-Simon,journalist,Meknes,male,Boston University College of Communication,Hebrew,1954
2612852,Einat Wilf,writer,Jerusalem,female,Wolfson College,French,1970
2082327,Eliezer Moses,politician,Israel,male,,Yiddish,1946
2579152,Ya'akov Katz,military personnel,Jerusalem,male,Open University of Israel,English,1951
2613056,Michael Ben-Ari,archaeologist,Israel,male,Bar-Ilan University,Hebrew,1963
2330554,Afu Agbaria,politician,Umm al-Fahm,male,Saint Petersburg State University,Hebrew,1949
305115,Masud Ghnaim,politician,Sakhnin,male,University of Haifa,Arabic,1965
2613034,Daniel Hershkowitz,mathematician,Haifa,male,Technion – Israel Institute of Technology,Hungarian,1953
2331090,Uri Orbach,opinion journalist,Petah Tikva,male,,Hebrew,1960
2916662,Nitzan Horowitz,Minister of Health,Rishon LeZion,male,educational complex,French,1965
271450,Haneen Zoabi,teacher,Nazareth,female,Hebrew University of Jerusalem,Hebrew,1969
1396120,Yair Lapid,actor,Tel Aviv,male,,English,1963
3663039,Shai Piron,educator,Kfar Vitkin,male,Bar-Ilan University,Hebrew,1965
3735925,Yael German,politician,Haifa,female,Reichman University,English,1947
3663051,Meir Cohen,politician,Essaouira,male,Ben-Gurion University of the Negev,English,1955
2909958,Ya'akov Peri,chief executive officer,Tel Aviv,male,Hebrew University of Jerusalem,Yiddish,1944
3663054,Ofer Shelah,journalist,Kiryat Bialik,male,New York University,Hebrew,1960
4358425,Aliza Lavie,politician,Kfar Saba,female,Bar-Ilan University,Modern Hebrew,1964
2468984,Yoel Razvozov,politician,Birobidzhan,male,,Russian,1980
3663205,Adi Koll,politician,Jerusalem,female,Hebrew University of Jerusalem,English,1976
3663042,Karin Elharar,lawyer,Jaffa,female,Washington College of Law,Hebrew,1977
3701621,Mickey Levy,politician,Jerusalem,male,University of Haifa,Hebrew,1951
3701624,Shimon Solomon,human rights activist,Ethiopia,male,Ben-Gurion University of the Negev,Tigrinya,1968
3792108,Ruth Calderon,politician,Tel Aviv,female,Hebrew University of Jerusalem,Hebrew,1961
3663047,Pnina Tamano-Shata,politician,Ethiopia,female,Ono Academic College,Hebrew,1981
3792124,Rina Frenkel,politician,Smolensk,female,,Hebrew,1956
3792115,Yifat Kariv,entrepreneur,Beersheba,female,Bar-Ilan University,Hebrew,1973
3701630,Dov Lipman,politician,"Washington, D.C.",male,Yeshivas Ner Yisroel,Hebrew,1971
3818024,Boaz Toporovsky,businessperson,Rishon LeZion,male,Tel Aviv University,English,1980
3818031,Ronen Hoffman,politician,Afula,male,King's College London,Hebrew,1963
1367272,Moshe Feiglin,politician,Haifa,male,,English,1962
391262,Merav Michaeli,politician,Petah Tikva,female,,Hebrew,1952
3593226,Yehiel Bar,politician,Safed,male,Hebrew University of Jerusalem,Hebrew,1975
3593286,Omer Bar-Lev,politician,Haifa,male,Hebrew University of Jerusalem,English,1953
892490,Stav Shaffir,writer,Netanya,female,Tel Aviv University,Hebrew,1985
4300460,Erel Margalit,businessperson,Na'an,male,Hebrew University of Jerusalem,Hebrew,1961
3593364,Itzik Shmuli,activist,Tel Aviv,male,Hebrew University of Jerusalem,Spanish,1980
3593430,Mickey Rosenthal,writer,Tel Aviv,male,Tel Aviv University,German,1955
3593505,Michal Biran,political scientist,Israel,female,Tel Aviv University,English,1978
4358433,Moshe Mizrahi,police officer,Tiberias,male,Tel Aviv University,English,1950
2905470,Yair Shamir,businessperson,Ramat Gan,male,Technion – Israel Institute of Technology,Hebrew,1945
2513525,Shimon Ohayon,pedagogue,Morocco,male,Bar-Ilan University,Hebrew,1945
39318,Naftali Bennett,businessperson,Haifa,male,Hebrew University of Jerusalem,Hebrew,1972
3593541,Eli Ben-Dahan,rabbi,Casablanca,male,Hebrew University of Jerusalem,Hebrew,1954
2791686,Ayelet Shaked,engineer,Tel Aviv,female,Tel Aviv University,English,1976
3593637,Zvulun Kalfa,educator,Beersheba,male,,Hebrew,1962
3593674,Avi Vartzman,politician,Beersheba,male,Ben-Gurion University of the Negev,English,1970
3593700,Moti Yogev,politician,Haifa,male,University of Haifa,English,1956
3593944,Orit Strook,activist,Jerusalem,female,,Hebrew,1960
3896412,Yoni Chetboun,business administration,Netanya,male,Hebrew University of Jerusalem,French,1979
3867185,Shuli Mualem,nurse,Haifa,female,Q63347282,Arabic,1965
7027480,Hillel Horowitz,politician,Ashkelon,male,Ono Academic College,Hebrew,1964
17280189,Yoav Ben-Tzur,educator,Kfar Saba,male,University of Manchester,Hebrew,1958
18702699,Lior Edri,politician,Netanya,male,,Hebrew,1979
2899261,Ya'akov Asher,rabbi,Ramat Gan,male,,English,1965
4358424,Elazar Stern,politician,Tel Aviv,male,Tel Aviv University,Hebrew,1956
3818061,David Tzur,businessperson,Istanbul,male,Tel Aviv University,Hebrew,1959
3594005,Michal Rozin,politician,Ramat Gan,female,Blich High School,Hebrew,1969
3594030,Issawi Frej,politician,Kafr Qasim,male,Hebrew University of Jerusalem,English,1963
3818052,Tamar Zandberg,activist,Ramat Gan,female,Tel Aviv University,Hebrew,1976
4705173,Taleb Abu Arar,politician,Israel,male,Ono Academic College,Hebrew,1967
4300370,Basel Ghattas,publisher,Nazareth,male,Technion – Israel Institute of Technology,Hebrew,1956
18755548,David Bitan,advocate,Morocco,male,Tel Aviv University,English,1960
18785311,Yoav Kish,politician,Tel Aviv,male,INSEAD,Hebrew,1968
19201160,Dudi Amsalem,politician,Jerusalem,male,Bar-Ilan University,Hebrew,1960
19615491,Miki Zohar,politician,Kiryat Gat,male,Bar-Ilan University,English,1980
19615664,Anat Berko,scientist,Ramat Gan,female,Bar-Ilan University,Hebrew,1960
19615870,Nava Boker,politician,Israel,female,,Hebrew,1970
6839075,Avraham Neguise,activist,Ethiopia,male,University of Sussex,Hebrew,1958
19627844,Nurit Koren,politician,Jerusalem,female,Ono Academic College,Hebrew,1960
19627861,Yaron Mazuz,politician,Haifa,male,,Hebrew,1962
19627890,Oren Hazan,politician,Israel,male,,Hebrew,1981
20824112,Sharren Haskel,politician,Toronto,female,Open University of Israel,Hebrew,1984
21794010,Amir Ohana,politician,Beersheba,male,Mevo'ot Hanegev,Hebrew,1976
18368428,Yehuda Glick,politician,United States of America,male,,English,1965
58004800,Osnat Mark,politician,Beersheba,female,Q6770696,,1967
18764191,Revital Swid,advocate,Hadera,female,Bar-Ilan University,Hebrew,1967
16131655,Eitan Broshi,politician,Gesher,male,Tel Aviv University,Hebrew,1950
18814813,Ksenia Svetlova,journalist,Moscow,female,Hebrew University of Jerusalem,Hebrew,1977
19634034,Ayelet Nahmias-Verbin,lawyer,Tel Aviv,female,Tel Aviv University,Hebrew,1970
12407970,Yossi Yona,educator,Haifa,male,University of Pennsylvania,Arabic,1953
5422554,Eyal Ben-Reuven,politician,Petah Tikva,male,University of Haifa,English,1954
21154875,Yael Cohen Paran,politician,,female,Tel Aviv University,Hebrew,1973
41292946,Saleh Saad,politician,Beit Jann,male,,,1963
41564316,Leah Fadida,politician,Haifa,female,Open University of Israel,,1968
12181439,Ayman Odeh,advocate,Haifa,male,,Arabic,1975
12410181,Aida Touma-Suleiman,activist,Nazareth,female,Park,Arabic,1964
19607849,Abd al-Hakim Hajj Yahya,politician,Israel,male,Technion – Israel Institute of Technology,Hebrew,1965
28950315,Juma Azbarga,businessperson,Israel,male,Ben-Gurion University of the Negev,,1956
19628276,Yousef Jabareen,lawyer,Umm al-Fahm,male,Georgetown University,Arabic,1972
34229146,Said al-Harumi,politician,Shaqib al-Salam,male,Hebrew University of Jerusalem,Hebrew,1972
33112524,Niven Abu Rahmoun,politician,Reineh,female,Bar-Ilan University,,1981
18120856,Haim Jelin,politician,Buenos Aires,male,Ben-Gurion University of the Negev,Spanish,1958
6747307,Eli Alaluf,politician,Fez,male,Hebrew University of Jerusalem,Spanish,1945
2581825,Michael Oren,politician,Johnson City,male,Columbia University,Hebrew,1955
15298651,Rachel Azaria,politician,Jerusalem,female,Hebrew University of Jerusalem,English,1977
16128811,Tali Ploskov,politician,Bălți,female,,English,1962
19634043,Yifat Shasha-Biton,politician,Israel,female,University of Haifa,Hebrew,1973
19634024,Eli Cohen,accountant,Holon,male,Tel Aviv University,English,1972
19655898,Roy Folkman,politician,Tel Aviv,male,Hebrew University of Jerusalem,Hebrew,1975
19634029,Meirav Ben-Ari,politician,Ra'anana,female,Reichman University,English,1975
60361222,Fentahun Seyoum,politician,Gondar,male,,,1971
18759744,Bezalel Smotrich,politician,Haspin,male,Ono Academic College,Hebrew,1980
27670547,Michael Malchieli,politician,Jerusalem,male,Hebrew University of Jerusalem,,1982
40318665,Danny Saida,politician,Safed,male,,,1959
50424294,Yinon Azulai,politician,Acre,male,,Hebrew,1979
20898016,Oded Forer,politician,Rehovot,male,Tel Aviv University,Hebrew,1977
2909698,Mossi Raz,politician,Jerusalem,male,Hebrew University of Jerusalem,Hebrew,1965
723506,Yoav Galant,military officer,Jaffa,male,University of Haifa,Hebrew,1958
468394,Nir Barkat,politician,Jerusalem,male,Hebrew University of Jerusalem,,1959
63107922,Ofir Katz,politician,Israel,male,,,1980
63111202,Eti Atiya,politician,Lod,female,,,1960
63116487,Keren Barak,politician,Haifa,female,Hebrew University of Jerusalem,,1972
63124881,Shlomo Karhi,university teacher,Ramat Gan,male,Ben-Gurion University of the Negev,Hebrew,1982
63092488,Michal Shir,politician,Givatayim,female,Bar-Ilan University,,1979
63166467,Keti Shitrit,politician,Casablanca,female,Bar-Ilan University,,1960
63087383,Fateen Mulla,politician,Yarka,male,University of Haifa,,1960
25490011,May Golan,social activist,Tel Aviv,female,,Hebrew,1986
2909767,Uzi Dayan,politician,Afula,male,Hebrew University of Jerusalem,,1948
63197463,Ariel Kellner,politician,Haifa,male,Technion – Israel Institute of Technology,,1980
557436,Benny Gantz,military personnel,Kfar Ahim,male,University of Haifa,,1959
49067,Gabi Ashkenazi,military officer,Hagor,male,Harvard Business School,,1954
18120890,Avi Nissenkorn,trade unionist,Israel,male,Tel Aviv University,,1967
6016683,Miki Haimovich,journalist,Tel Aviv,female,Tel Aviv University,,1962
8054214,Yoaz Hendel,politician,Petah Tikva,male,Tel Aviv University,,1975
2783222,Orna Barbivai,Knesset member,Ramla,female,Ben-Gurion University of the Negev,,1962
6890749,Michael Biton,activist,Yeruham,male,Hebrew University of Jerusalem,,1970
6940081,Hili Tropper,educator,Jerusalem,male,Lander Institute,,1978
7002735,Zvi Hauser,lawyer,Ramat Gan,male,Tel Aviv University,Hebrew,1968
20071724,Orit Farkash-Hacohen,advocate,Petah Tikva,female,Hebrew University of Jerusalem,,1970
7030786,Meirav Cohen,activist,Jerusalem,female,Hebrew University of Jerusalem,,1983
7026303,Asaf Zamir,politician,Be'er Ya'akov,male,Sorbonne University,,1980
47514932,Yizhar Shai,businessperson,Ein HaShlosha,male,Technion – Israel Institute of Technology,,1963
61913859,Omer Yankelevich,politician,Tel Aviv,female,Ono Academic College,,1978
28792417,Gadeer Mreeh,politician,Daliyat al-Karmel,female,Bar-Ilan University,,1984
18577963,Ram Ben-Barak,politician,Nahalal,male,Israeli College for National Security,,1958
6965078,Alon Schuster,politician,Mefalsim,male,Ben-Gurion University of the Negev,,1957
6832388,Yoav Segalovich,politician,Tel Aviv,male,Tel Aviv University,,1959
30527509,Ram Shefa,politician,Givat Haim (Ihud),male,Kibbutzim College of Education,,1985
20071716,Orly Fruman,politician,Rishon LeZion,female,,,1955
50738495,Eitan Ginzburg,politician,Argentina,male,Tel Aviv University,Hebrew,1977
62062074,Gadi Yevarkan,politician,Ethiopia,male,The College of Management Academic Studies,Amharic,1981
59519064,Idan Roll,lawyer,Jerusalem,male,Tel Aviv University,,1984
63203042,Yorai Lahav-Hertzano,politician,Tel Aviv,male,Northwestern University,,1988
63200127,Moshe Arbel,politician,Petah Tikva,male,Q6633030,,1983
61359772,Ya'akov Tessler,politician,Jerusalem,male,,,1973
7007279,Yitzhak Pindros,politician,Jerusalem,male,,,1971
19628142,Osama Saadi,advocate,Arraba,male,Hebrew University of Jerusalem,Hebrew,1963
61718702,Ofer Cassif,politician,Rishon LeZion,male,Hebrew University of Jerusalem,,1964
19749308,Avi Gabbay,politician,Jerusalem,male,Gymnasia Rehavia,,1967
2079300,Tal Russo,military officer,Hulata,male,University of Haifa,,1959
63183722,Evgeny Sova,journalist,Pervomaisk,male,Bar-Ilan University,,1980
5360165,Eli Avidar,diplomat,Alexandria,male,Tel Aviv University,,1964
24276432,Yulia Malinovsky,lawyer,Luhansk,female,East Ukrainian Volodymyr Dahl National University,Hebrew,1975
2906267,Rafi Peretz,military rabbi,Jerusalem,male,Mercaz HaRav Kook,Hebrew,1956
63176626,Ofir Sofer,politician,Alma,male,,,1974
63181940,Idit Silman,politician,Rehovot,female,,Hebrew,1980
62394296,Mansour Abbas,dentist,Maghar,male,Hebrew University of Jerusalem,Arabic,1974
61685599,Mtanes Shehadeh,politician,Nazareth,male,Hebrew University of Jerusalem,,1972
61125543,Heba Yazbak,sociologist,Nazareth,female,University of Haifa,,1985
67958229,Walid Taha,politician,Kafr Qasim,male,Tel Aviv University,,1968
68106569,Jabar Asatra,,Maghar,male,University of Haifa,,1960
68105483,Sami Abu Shehadeh,politician,Lod,male,Tel Aviv University,,1975
7054034,Moshe Abutbul,radio personality,Beersheba,male,,,1965
56681855,Alex Kushnir,civil servant,Drohobych,male,Hebrew University of Jerusalem,Russian,1978
68106472,Mark Ifraimov,politician,Nalchik,male,,,1981
569975,Yair Golan,military officer,Rishon LeZion,male,Tel Aviv University,,1962
60951122,Matan Kahana,military personnel,Haifa,male,Bar-Ilan University,Hebrew,1972
97816805,Amit Halevi,Knesset member,Haifa,male,,Hebrew,1971
104051298,Nissim Vaturi,,Rishon LeZion,male,,,1969
104419412,Shevah Stern,,Safed,male,Bar-Ilan University,,1951
104445697,Matti Yogev,,Ramat Gan,female,ORT Israel,,1966
87134276,Andrey Kozhinov,journalist,Kazan,male,,,1979
104696632,Vladimir Beliak,,Kemerovo,male,,,1973
104696368,Moshe Tur-Paz,politician,United States of America,male,Q20502706,English,1972
105235745,Anat Knafo,politician,Israel,female,,,1963
96357579,Michal Cotler-Wunsh,civil servant,Jerusalem,female,,,1970
56751585,Tehila Friedman,politician,Kiryat Ono,female,Hebrew University of Jerusalem,,1976
104465875,Yael Ron Ben-Moshe,politician,Ga'aton,female,Tel Aviv University,,1978
18121227,Ruth Wasserman Lande,Knesset member,Israel,female,John F. Kennedy School of Government,,1976
87124322,Sondos Saleh,politician,Nazareth,female,,,1986
87125690,Iman Khatib-Yasin,politician,Arraba,female,,,1964
96369448,Uriel Buso,politician,Ramla,male,,Hebrew,1973
96754353,Yosef Taieb,,15th arrondissement of Paris,male,,,1981
96603638,Eliyahu Baruchi,,Ashdod,male,,,1976
18822566,Galit Distel-Atbaryan,opinion journalist,Jerusalem,female,,Hebrew,1971
106226063,Ron Katz,lawyer,Afula,male,,,1985
106226078,Nira Shpak,,Rehovot,female,,,1966
107224738,Tania Mazarsky,politician,Russia,female,University of Haifa,Russian,1976
107225905,Yasmin Fridman,animal rights advocate,Beersheba,female,Bet-sefer le-manhigut ḥinukhit,Hebrew,1973
107328825,Inbar Bezek,activist,Dan,female,,,1974
55649413,Simon Davidson,,Vilnius,male,,,1970
106427258,Haim Biton,chief executive officer,Israel,male,,,1978
4734350,Alon Tal,faculty member,United States of America,male,University of North Carolina at Chapel Hill,Hebrew,1961
18522625,Mufid Mari,military officer,Hurfeish,male,,,1959
105581659,Amichai Chikli,,Jerusalem,male,University of Haifa,French,1981
106226055,Nir Orbach,politician,Haifa,male,,Hebrew,1970
106226059,Abir Kara,businessperson,Giv'on HaHadasha,male,,,1983
54766749,Shirley Pinto,politician,Kiryat Bialik,female,,Hebrew,1989
107287675,Yomtob Kalfon,politician,Sarcelles,male,Bar-Ilan University,,1986
30526568,Emilie Moatti,television presenter,Netanya,female,,,1980
868609,Gilad Kariv,activist,Tel Aviv,male,Hebrew University of Jerusalem,,1973
6864478,Efrat Rayten,advocate,Haifa,female,,Hebrew,1972
5984911,Ibtisam Mara'ana,politician,Fureidis,female,,,1975
107264625,Naama Lazimi,activist,Migdal HaEmek,female,University of Haifa,,1986
107224635,Elina Bardach-Yalov,social activist,Moscow,female,University of Leeds,Russian,1982
68796550,Limor Magen Telem,lawyer,Haifa,female,,Hebrew,1971
8056380,Yossi Shain,university teacher,Israel,male,Yale University,English,1956
107972390,Sharon Roffe Ofir,journalist,Kiryat Tiv'on,female,,Hebrew,1970
106226075,Michal Waldiger,politician,Bnei Brak,female,Bar-Ilan University,,1969
12403861,Itamar Ben-Gvir,politician,Jerusalem,male,Ono Academic College,Hebrew,1976
105127281,Simcha Rothman,lawyer,Bnei Brak,male,Northwestern University,,1980
105103347,Avi Maoz,politician,Haifa,male,Mercaz HaRav Kook,Hebrew,1956
6810271,Meir Yitzhak Halevi,politician,Jerusalem,male,,,1953
105076402,Ghaida Rinawie Zoabi,politician,Nazareth,female,University of Haifa,,1972
18753926,Gaby Lasky,politician,Mexico City,female,,,1967
60951347,Ali Salalha,politician,Beit Jann,male,Hebrew University of Jerusalem,,1952
6914178,Mazen Ghnaim,businessperson,Sakhnin,male,,Hebrew,1956
