m_uid,k_number,party
1893392,1,Mapai
470672,1,Mapai
145162,1,Mapai
128894,1,Mapai
718000,1,Mapai
2902983,1,Mapai
2855738,1,Mapai
2060660,1,Mapai
37610,1,Mapai
2004552,1,Mapai
816401,1,Mapai
2901683,1,Mapai
2902404,1,Mapai
2357528,1,Mapai
2903289,1,Mapai
2753565,1,Mapai
2906720,1,Mapai
2072615,1,Mapai
2920143,1,Mapai
2909120,1,Mapai
2903189,1,Mapai
2910619,1,Mapai
2917557,1,Mapai
2909716,1,Mapai
1329314,1,Mapai
2901728,1,Mapai
2901199,1,Mapai
2777161,1,Mapai
662218,1,Mapai
2904321,1,Mapai
2653058,1,Mapai
42992,1,Mapai
72124,1,Mapai
2776248,1,Mapai
1176303,1,Mapai
208477,1,Mapai
299100,1,Mapai
2687114,1,Mapai
2687111,1,Mapai
974766,1,Mapai
528647,1,Mapai
2908317,1,Mapai
2752981,1,Mapai
2902944,1,Mapai
2901704,1,Mapai
936528,1,Mapai
551400,1,Mapam
2909098,1,Mapam
551390,1,Mapam
2079765,1,Mapam
2226775,1,Mapam
2091327,1,Mapam
2910166,1,Mapam
1386714,1,Mapam
2906119,1,Mapam
2905464,1,Mapam
519963,1,Mapam
2900203,1,Mapam
2778041,1,Mapam
2900981,1,Mapam
2901411,1,Mapam
1338975,1,Mapam
155242,1,Mapam
2910082,1,Mapam
2588843,1,Mapam
216021,1,United Religious Front
2900595,1,United Religious Front
2900614,1,United Religious Front
2900920,1,United Religious Front
2902077,1,United Religious Front
2778053,1,United Religious Front
2908216,1,United Religious Front
2907909,1,United Religious Front
2382713,1,United Religious Front
2904692,1,United Religious Front
1365144,1,United Religious Front
2587814,1,United Religious Front
2901431,1,United Religious Front
2079775,1,United Religious Front
2909985,1,United Religious Front
2890045,1,United Religious Front
130873,1,Herut
551421,1,Herut
2332324,1,Herut
2335185,1,Herut
162793,1,Herut
2061371,1,Herut
1385128,1,Herut
438286,1,Herut
2613376,1,Herut
2906131,1,Herut
2613811,1,Herut
2011749,1,Herut
2920530,1,Herut
2902297,1,Herut
935201,1,General Zionists
2336569,1,General Zionists
2267536,1,General Zionists
2468086,1,General Zionists
129676,1,General Zionists
2614158,1,General Zionists
2613074,1,General Zionists
2778256,1,Progressive Party
2901612,1,Progressive Party
2392568,1,Progressive Party
2906342,1,Progressive Party
1389085,1,Progressive Party
167194,1,Maki
2365732,1,Maki
969950,1,Maki
1376050,1,Maki
2901227,1,Sephardim & Oriental Communities
2919419,1,Sephardim & Oriental Communities
2901473,1,Sephardim & Oriental Communities
2909380,1,Sephardim & Oriental Communities
2919596,1,Democratic List of Nazareth
2905903,1,Democratic List of Nazareth
1367843,1,Fighters' List
2777261,1,Yemenite Association
2501401,1,WIZO
2653058,2,Mapai
2906720,2,Mapai
470672,2,Mapai
2910619,2,Mapai
2357539,2,Mapai
2909716,2,Mapai
2909380,2,Mapai
2060660,2,Mapai
2902983,2,Mapai
37610,2,Mapai
2909120,2,Mapai
2776248,2,Mapai
936528,2,Mapai
1329314,2,Mapai
2904321,2,Mapai
2920143,2,Mapai
2752981,2,Mapai
42992,2,Mapai
2890902,2,Mapai
2072615,2,Mapai
1530257,2,Mapai
974766,2,Mapai
1720966,2,Mapai
191123,2,Mapai
1893392,2,Mapai
2909456,2,Mapai
208477,2,Mapai
72124,2,Mapai
662218,2,Mapai
2901619,2,Mapai
2687111,2,Mapai
2909994,2,Mapai
2777161,2,Mapai
2004552,2,Mapai
299100,2,Mapai
2905252,2,Mapai
937011,2,Mapai
2901498,2,Mapai
983232,2,Mapai
128894,2,Mapai
528647,2,Mapai
2901728,2,Mapai
2357528,2,Mapai
145162,2,Mapai
2776885,2,Mapai
2901706,2,General Zionists
2907965,2,General Zionists
2901131,2,General Zionists
2902082,2,General Zionists
1058957,2,General Zionists
2334860,2,General Zionists
2359776,2,General Zionists
2901508,2,General Zionists
129676,2,General Zionists
2501583,2,General Zionists
935201,2,General Zionists
2919676,2,General Zionists
2901671,2,General Zionists
2334801,2,General Zionists
2468086,2,General Zionists
2901480,2,General Zionists
2267536,2,General Zionists
2614158,2,General Zionists
2613074,2,General Zionists
2902132,2,General Zionists
2900203,2,Mapam
2901411,2,Mapam
2910082,2,Mapam
2091327,2,Mapam
2910166,2,Mapam
2900981,2,Mapam
2588843,2,Mapam
2079765,2,Mapam
551400,2,Mapam
2226775,2,Mapam
2901637,2,Mapam
2905464,2,Mapam
175395,2,Mapam
1338975,2,Mapam
2900939,2,Mapam
2900614,2,Hapoel HaMizrachi
2079775,2,Hapoel HaMizrachi
2046022,2,Hapoel HaMizrachi
2900595,2,Hapoel HaMizrachi
2909985,2,Hapoel HaMizrachi
2904325,2,Hapoel HaMizrachi
216021,2,Hapoel HaMizrachi
2890045,2,Hapoel HaMizrachi
2617161,2,Herut
2332324,2,Herut
2332990,2,Herut
2902297,2,Herut
2613376,2,Herut
130873,2,Herut
2613811,2,Herut
551421,2,Herut
721746,2,Maki
2910035,2,Maki
1376050,2,Maki
167194,2,Maki
969950,2,Maki
2392568,2,Progressive Party
2907940,2,Progressive Party
1389085,2,Progressive Party
2906342,2,Progressive Party
2903320,2,Democratic List for Israeli Arabs
2900669,2,Democratic List for Israeli Arabs
2919596,2,Democratic List for Israeli Arabs
2904066,2,Agudat Yisrael
2904731,2,Agudat Yisrael
2907909,2,Agudat Yisrael
2900270,2,Sephardim and Oriental Communities
2919419,2,Sephardim and Oriental Communities
2904692,2,Poalei Agudat Yisrael
2778053,2,Poalei Agudat Yisrael
2587814,2,Mizrachi
1365144,2,Mizrachi
2909713,2,Progress and Work
2920144,2,Yemenite Association
2900530,2,Agriculture and Development
2906684,3,Mapai
400064,3,Mapai
2906720,3,Mapai
470672,3,Mapai
718000,3,Mapai
2910619,3,Mapai
2357539,3,Mapai
2909716,3,Mapai
2909380,3,Mapai
2776382,3,Mapai
37610,3,Mapai
2909120,3,Mapai
2901637,3,Mapai
2776248,3,Mapai
936528,3,Mapai
573926,3,Mapai
42992,3,Mapai
2890902,3,Mapai
2072615,3,Mapai
74696,3,Mapai
974766,3,Mapai
1720966,3,Mapai
191123,3,Mapai
1893392,3,Mapai
2909456,3,Mapai
208477,3,Mapai
72124,3,Mapai
662218,3,Mapai
2902381,3,Mapai
2909994,3,Mapai
2904698,3,Mapai
1719051,3,Mapai
2004552,3,Mapai
2901255,3,Mapai
299100,3,Mapai
937011,3,Mapai
983232,3,Mapai
2901728,3,Mapai
2357528,3,Mapai
145162,3,Mapai
2617161,3,Herut
2332324,3,Herut
2334817,3,Herut
2332990,3,Herut
2334832,3,Herut
2902297,3,Herut
2335185,3,Herut
2613376,3,Herut
130873,3,Herut
2907977,3,Herut
2334704,3,Herut
2909373,3,Herut
2613811,3,Herut
551421,3,Herut
2900328,3,Herut
2901131,3,General Zionists
2902082,3,General Zionists
2334860,3,General Zionists
2359776,3,General Zionists
129676,3,General Zionists
935201,3,General Zionists
2901671,3,General Zionists
2334801,3,General Zionists
2468086,3,General Zionists
2901480,3,General Zionists
2614158,3,General Zionists
2613074,3,General Zionists
2902132,3,General Zionists
2902077,3,National Religious Party
2902140,3,National Religious Party
2079775,3,National Religious Party
2046022,3,National Religious Party
1365144,3,National Religious Party
2900595,3,National Religious Party
2909985,3,National Religious Party
2906644,3,National Religious Party
2904325,3,National Religious Party
216021,3,National Religious Party
2890045,3,National Religious Party
2900292,3,Ahdut HaAvoda
2079765,3,Ahdut HaAvoda
1386714,3,Ahdut HaAvoda
551400,3,Ahdut HaAvoda
7861974,3,Ahdut HaAvoda
2900454,3,Ahdut HaAvoda
319015,3,Ahdut HaAvoda
2226775,3,Ahdut HaAvoda
155242,3,Ahdut HaAvoda
2902009,3,Ahdut HaAvoda
2909759,3,Mapam
2901420,3,Mapam
2901411,3,Mapam
2904686,3,Mapam
2077546,3,Mapam
2910082,3,Mapam
2091327,3,Mapam
2910166,3,Mapam
2900981,3,Mapam
2904692,3,Religious Torah Front
2778053,3,Religious Torah Front
2904731,3,Religious Torah Front
2910022,3,Religious Torah Front
2907909,3,Religious Torah Front
2904307,3,Religious Torah Front
721746,3,Maki
2910035,3,Maki
1376050,3,Maki
1338975,3,Maki
167194,3,Maki
969950,3,Maki
2909083,3,Progressive Party
2778256,3,Progressive Party
1389085,3,Progressive Party
2901612,3,Progressive Party
2906342,3,Progressive Party
2900669,3,Democratic List for Israeli Arabs
2919596,3,Democratic List for Israeli Arabs
2909713,3,Progress and Work
2900624,3,Progress and Work
2900530,3,Agriculture and Development
74696,4,Mapai
145162,4,Mapai
1893392,4,Mapai
470672,4,Mapai
2902983,4,Mapai
2908256,4,Mapai
2906684,4,Mapai
37610,4,Mapai
2902067,4,Mapai
2890902,4,Mapai
2902115,4,Mapai
2382696,4,Mapai
188783,4,Mapai
2901602,4,Mapai
305776,4,Mapai
2357528,4,Mapai
191123,4,Mapai
2902073,4,Mapai
2906720,4,Mapai
2072615,4,Mapai
2909120,4,Mapai
2901213,4,Mapai
2910619,4,Mapai
2909716,4,Mapai
2901154,4,Mapai
2901728,4,Mapai
2905464,4,Mapai
662218,4,Mapai
1720966,4,Mapai
42992,4,Mapai
2909456,4,Mapai
2776248,4,Mapai
2357539,4,Mapai
57410,4,Mapai
2919651,4,Mapai
578459,4,Mapai
2903207,4,Mapai
208477,4,Mapai
2909380,4,Mapai
2901255,4,Mapai
528647,4,Mapai
2902381,4,Mapai
1530257,4,Mapai
983232,4,Mapai
216050,4,Mapai
434951,4,Mapai
2901240,4,Mapai
2617161,4,Herut
2334817,4,Herut
2332990,4,Herut
551421,4,Herut
130873,4,Herut
2332324,4,Herut
2335185,4,Herut
2613376,4,Herut
2334704,4,Herut
2334778,4,Herut
2613811,4,Herut
2907977,4,Herut
2902297,4,Herut
2900279,4,Herut
2900328,4,Herut
2334832,4,Herut
2909373,4,Herut
2906644,4,National Religious Party
216021,4,National Religious Party
2046022,4,National Religious Party
2902077,4,National Religious Party
1365144,4,National Religious Party
2904325,4,National Religious Party
2902043,4,National Religious Party
2902026,4,National Religious Party
2079775,4,National Religious Party
2909985,4,National Religious Party
2890045,4,National Religious Party
2902140,4,National Religious Party
2904686,4,Mapam
2091327,4,Mapam
2910166,4,Mapam
2900947,4,Mapam
2900981,4,Mapam
2901411,4,Mapam
2909759,4,Mapam
2910082,4,Mapam
2901420,4,Mapam
2336520,4,General Zionists
935201,4,General Zionists
2359776,4,General Zionists
941785,4,General Zionists
2334860,4,General Zionists
2614158,4,General Zionists
2613074,4,General Zionists
2906658,4,General Zionists
319015,4,Ahdut HaAvoda
2079765,4,Ahdut HaAvoda
2226775,4,Ahdut HaAvoda
2900177,4,Ahdut HaAvoda
2660910,4,Ahdut HaAvoda
1386714,4,Ahdut HaAvoda
519963,4,Ahdut HaAvoda
2778053,4,Religious Torah Front
2910022,4,Religious Torah Front
2907909,4,Religious Torah Front
2904731,4,Religious Torah Front
2904692,4,Religious Torah Front
605443,4,Religious Torah Front
2778256,4,Progressive Party
2900931,4,Progressive Party
2906342,4,Progressive Party
2900956,4,Progressive Party
2907940,4,Progressive Party
1389085,4,Progressive Party
167194,4,Maki
969950,4,Maki
1376050,4,Maki
2907919,4,Progress and Development
2900445,4,Progress and Development
2908292,4,Cooperation and Brotherhood
2900478,4,Cooperation and Brotherhood
2905482,4,Agriculture and Development
74696,5,Mapai
145162,5,Mapai
1893392,5,Mapai
470672,5,Mapai
2902983,5,Mapai
2908256,5,Mapai
2906684,5,Mapai
37610,5,Mapai
2890902,5,Mapai
2902115,5,Mapai
2382696,5,Mapai
188783,5,Mapai
2901602,5,Mapai
305776,5,Mapai
2357528,5,Mapai
191123,5,Mapai
2902073,5,Mapai
2906720,5,Mapai
2072615,5,Mapai
2909120,5,Mapai
2901213,5,Mapai
2910619,5,Mapai
2909716,5,Mapai
2901154,5,Mapai
2901728,5,Mapai
1720966,5,Mapai
42992,5,Mapai
2909456,5,Mapai
2776248,5,Mapai
2357539,5,Mapai
57410,5,Mapai
2919651,5,Mapai
578459,5,Mapai
2903207,5,Mapai
208477,5,Mapai
2909380,5,Mapai
2901255,5,Mapai
528647,5,Mapai
2902381,5,Mapai
983232,5,Mapai
216050,5,Mapai
434951,5,Mapai
2617161,5,Herut
2334817,5,Herut
2332990,5,Herut
551421,5,Herut
130873,5,Herut
2332324,5,Herut
2335185,5,Herut
2908294,5,Herut
2613376,5,Herut
2334704,5,Herut
2334778,5,Herut
2613811,5,Herut
2902297,5,Herut
2900279,5,Herut
2900328,5,Herut
2334832,5,Herut
2334848,5,Herut
2336520,5,Liberal Party
935201,5,Liberal Party
2900111,5,Liberal Party
2778256,5,Liberal Party
2501401,5,Liberal Party
2900931,5,Liberal Party
2906342,5,Liberal Party
2332972,5,Liberal Party
2907940,5,Liberal Party
2334801,5,Liberal Party
2334860,5,Liberal Party
1389085,5,Liberal Party
2614158,5,Liberal Party
2613074,5,Liberal Party
2919654,5,Liberal Party
2334870,5,Liberal Party
2906658,5,Liberal Party
2906644,5,National Religious Party
216021,5,National Religious Party
2046022,5,National Religious Party
2902077,5,National Religious Party
1365144,5,National Religious Party
2904325,5,National Religious Party
2902043,5,National Religious Party
2902026,5,National Religious Party
2079775,5,National Religious Party
2909985,5,National Religious Party
2890045,5,National Religious Party
2902140,5,National Religious Party
2904686,5,Mapam
2091327,5,Mapam
2910166,5,Mapam
2900947,5,Mapam
2900981,5,Mapam
2901411,5,Mapam
2891007,5,Mapam
2909759,5,Mapam
2910082,5,Mapam
319015,5,Ahdut HaAvoda
2079765,5,Ahdut HaAvoda
2226775,5,Ahdut HaAvoda
2900177,5,Ahdut HaAvoda
2660910,5,Ahdut HaAvoda
1386714,5,Ahdut HaAvoda
2900454,5,Ahdut HaAvoda
519963,5,Ahdut HaAvoda
74696,5,Rafi
2902067,5,Rafi
37610,5,Rafi
188783,5,Rafi
2901602,5,Rafi
2905464,5,Rafi
57410,5,Rafi
528647,5,Rafi
2900111,5,Independent Liberals
2501401,5,Independent Liberals
2900931,5,Independent Liberals
2906342,5,Independent Liberals
2907940,5,Independent Liberals
1389085,5,Independent Liberals
2919654,5,Independent Liberals
167194,5,Maki
1338975,5,Maki
2910035,5,Maki
1376050,5,Maki
969950,5,Maki
2904767,5,Agudat Yisrael
2907909,5,Agudat Yisrael
2904731,5,Agudat Yisrael
605443,5,Agudat Yisrael
2778053,5,Poalei Agudat Yisrael
2910022,5,Poalei Agudat Yisrael
1376050,5,Rakah
969950,5,Rakah
2903320,5,Cooperation and Brotherhood
2903249,5,Cooperation and Brotherhood
2907919,5,Progress and Development
2900445,5,Progress and Development
319015,6,Alignment
267335,6,Alignment
551400,6,Alignment
145162,6,Alignment
2908256,6,Alignment
519944,6,Alignment
2906684,6,Alignment
2900177,6,Alignment
2901583,6,Alignment
2660910,6,Alignment
2902034,6,Alignment
2902115,6,Alignment
2904295,6,Alignment
305776,6,Alignment
658086,6,Alignment
191123,6,Alignment
2902073,6,Alignment
1386714,6,Alignment
2904362,6,Alignment
2906720,6,Alignment
2909120,6,Alignment
2900454,6,Alignment
2901213,6,Alignment
2901154,6,Alignment
1720966,6,Alignment
42992,6,Alignment
2909456,6,Alignment
2776248,6,Alignment
2901184,6,Alignment
2357539,6,Alignment
2919651,6,Alignment
2890635,6,Alignment
578459,6,Alignment
2903207,6,Alignment
674248,6,Alignment
2909380,6,Alignment
184431,6,Alignment
2901255,6,Alignment
2902381,6,Alignment
2902009,6,Alignment
2906629,6,Alignment
266713,6,Alignment
983232,6,Alignment
434951,6,Alignment
2901240,6,Alignment
2336520,6,Gahal
2332990,6,Gahal
551421,6,Gahal
130873,6,Gahal
2332324,6,Gahal
2335185,6,Gahal
2333020,6,Gahal
2332972,6,Gahal
2334763,6,Gahal
2613376,6,Gahal
2334778,6,Gahal
2613811,6,Gahal
2334801,6,Gahal
2902297,6,Gahal
2334860,6,Gahal
2614158,6,Gahal
2613074,6,Gahal
2900328,6,Gahal
2334832,6,Gahal
2900463,6,Gahal
2902335,6,Gahal
434957,6,Gahal
2334848,6,Gahal
2334870,6,Gahal
2900239,6,Gahal
2906658,6,Gahal
2906644,6,National Religious Party
216021,6,National Religious Party
2046022,6,National Religious Party
2900551,6,National Religious Party
2908959,6,National Religious Party
2904325,6,National Religious Party
2902043,6,National Religious Party
2902026,6,National Religious Party
2079775,6,National Religious Party
2909985,6,National Religious Party
2890045,6,National Religious Party
74696,6,Rafi
37610,6,Rafi
2911774,6,Rafi
188783,6,Rafi
2902105,6,Rafi
311583,6,Rafi
57410,6,Rafi
528647,6,Rafi
2908266,6,Rafi
1385464,6,Rafi
2900316,6,Mapam
2910166,6,Mapam
307176,6,Mapam
2044141,6,Mapam
2904443,6,Mapam
2891007,6,Mapam
2909759,6,Mapam
2910082,6,Mapam
1391626,6,Independent Liberals
2907940,6,Independent Liberals
1389085,6,Independent Liberals
2919654,6,Independent Liberals
2906342,6,Independent Liberals
2904767,6,Agudat Yisrael
2907909,6,Agudat Yisrael
2904731,6,Agudat Yisrael
605443,6,Agudat Yisrael
721746,6,Rakah
969950,6,Rakah
1376050,6,Rakah
2919596,6,Progress and Development
2900445,6,Progress and Development
2778053,6,Poalei Agudat Yisrael
2910022,6,Poalei Agudat Yisrael
2903249,6,Cooperation and Brotherhood
2903320,6,Cooperation and Brotherhood
325679,6,HaOlam HaZeh – Koah Hadash
167194,6,Maki
2906684,7,Alignment
674248,7,Alignment
184431,7,Alignment
937011,7,Alignment
2226775,7,Alignment
2911774,7,Alignment
2900177,7,Alignment
57410,7,Alignment
2901184,7,Alignment
2902343,7,Alignment
578459,7,Alignment
2909729,7,Alignment
311583,7,Alignment
188783,7,Alignment
519944,7,Alignment
319015,7,Alignment
74696,7,Alignment
2900316,7,Alignment
2777751,7,Alignment
2908256,7,Alignment
2910166,7,Alignment
2902115,7,Alignment
2908247,7,Alignment
2382696,7,Alignment
2904549,7,Alignment
2901601,7,Alignment
305776,7,Alignment
658086,7,Alignment
2900537,7,Alignment
307176,7,Alignment
1386714,7,Alignment
2901717,7,Alignment
2776910,7,Alignment
2907565,7,Alignment
2901108,7,Alignment
1719051,7,Alignment
2901154,7,Alignment
2910381,7,Alignment
2904295,7,Alignment
2660910,7,Alignment
983232,7,Alignment
2910082,7,Alignment
612860,7,Alignment
434951,7,Alignment
2901649,7,Alignment
2902105,7,Alignment
2456125,7,Alignment
2906342,7,Alignment
2901240,7,Alignment
266713,7,Alignment
2906988,7,Alignment
42992,7,Alignment
2904362,7,Alignment
2904443,7,Alignment
2908266,7,Alignment
2900604,7,Alignment
532085,7,Alignment
2333020,7,Gahal
2614158,7,Gahal
2902335,7,Gahal
551421,7,Gahal
2901672,7,Gahal
2900239,7,Gahal
2613074,7,Gahal
941785,7,Gahal
2906138,7,Gahal
2334763,7,Gahal
2907513,7,Gahal
361315,7,Gahal
2906658,7,Gahal
130873,7,Gahal
2613376,7,Gahal
1175220,7,Gahal
2332324,7,Gahal
2332972,7,Gahal
2334860,7,Gahal
2333006,7,Gahal
216039,7,Gahal
2336520,7,Gahal
2902297,7,Gahal
2902051,7,Gahal
434195,7,Gahal
2901099,7,Gahal
2906644,7,National Religious Party
2046022,7,National Religious Party
2904325,7,National Religious Party
2908959,7,National Religious Party
2910400,7,National Religious Party
2910391,7,National Religious Party
2902043,7,National Religious Party
2890045,7,National Religious Party
2079775,7,National Religious Party
2902026,7,National Religious Party
216021,7,National Religious Party
2900373,7,National Religious Party
2904767,7,Agudat Yisrael
2907909,7,Agudat Yisrael
2904731,7,Agudat Yisrael
605443,7,Agudat Yisrael
1391626,7,Independent Liberals
2900931,7,Independent Liberals
2919654,7,Independent Liberals
2907940,7,Independent Liberals
350744,7,National List
37610,7,National List
2905759,7,National List
434182,7,National List
721746,7,Rakah
969950,7,Rakah
1376050,7,Rakah
2919596,7,Progress and Development
2903320,7,Progress and Development
2778053,7,Poalei Agudat Yisrael
2910374,7,Poalei Agudat Yisrael
2903249,7,Cooperation and Brotherhood
2900445,7,Cooperation and Brotherhood
325679,7,HaOlam HaZeh – Koah Hadash
2909310,7,HaOlam HaZeh – Koah Hadash
434957,7,Free Centre
2334832,7,Free Centre
1338975,7,Maki
319015,8,Alignment
74696,8,Alignment
2904549,8,Alignment
2901601,8,Alignment
2777751,8,Alignment
2908256,8,Alignment
2226775,8,Alignment
2911774,8,Alignment
2660910,8,Alignment
2908247,8,Alignment
188783,8,Alignment
2901519,8,Alignment
307176,8,Alignment
305776,8,Alignment
2900195,8,Alignment
658086,8,Alignment
2901717,8,Alignment
1386714,8,Alignment
2900343,8,Alignment
2776910,8,Alignment
2456125,8,Alignment
2902105,8,Alignment
2778248,8,Alignment
2906988,8,Alignment
2778335,8,Alignment
438444,8,Alignment
1719051,8,Alignment
2901154,8,Alignment
2906334,8,Alignment
2910381,8,Alignment
42992,8,Alignment
2901964,8,Alignment
2908342,8,Alignment
311583,8,Alignment
2909729,8,Alignment
57410,8,Alignment
34060,8,Alignment
2900689,8,Alignment
578459,8,Alignment
143172,8,Alignment
2906636,8,Alignment
2901527,8,Alignment
532085,8,Alignment
612860,8,Alignment
266713,8,Alignment
2900471,8,Alignment
2886487,8,Alignment
983232,8,Alignment
434951,8,Alignment
2902343,8,Alignment
2901649,8,Alignment
2336520,8,Likud
548185,8,Likud
434195,8,Likud
551421,8,Likud
2904346,8,Likud
130873,8,Likud
2901616,8,Likud
2889981,8,Likud
2906138,8,Likud
2904437,8,Likud
2904719,8,Likud
361315,8,Likud
2901119,8,Likud
2904677,8,Likud
216039,8,Likud
434182,8,Likud
2901672,8,Likud
2901099,8,Likud
2334763,8,Likud
2613376,8,Likud
1175220,8,Likud
2909741,8,Likud
2447659,8,Likud
911074,8,Likud
941785,8,Likud
2911436,8,Likud
93181,8,Likud
2906997,8,Likud
2906980,8,Likud
2334860,8,Likud
184351,8,Likud
60206,8,Likud
2907513,8,Likud
2334832,8,Likud
145171,8,Likud
434957,8,Likud
2902335,8,Likud
2900239,8,Likud
791344,8,Likud
2910680,8,National Religious Party
47991,8,National Religious Party
2904656,8,National Religious Party
216021,8,National Religious Party
2046022,8,National Religious Party
2910400,8,National Religious Party
2777542,8,National Religious Party
2904325,8,National Religious Party
2901639,8,National Religious Party
2890045,8,National Religious Party
2778213,8,Religious Torah Front
2778053,8,Religious Torah Front
2904731,8,Religious Torah Front
605443,8,Religious Torah Front
2910374,8,Religious Torah Front
1391626,8,Independent Liberals
2907940,8,Independent Liberals
2905212,8,Independent Liberals
2919654,8,Independent Liberals
2919693,8,Rakah
969950,8,Rakah
1376050,8,Rakah
968637,8,Rakah
267335,8,Ratz
2903255,8,Ratz
2903478,8,Ratz
2919596,8,Progress and Development
2903320,8,Progress and Development
2083643,8,Moked
580909,8,Arab List for Bedouins and Villagers
548185,9,Likud
434195,9,Likud
2919715,9,Likud
130873,9,Likud
983112,9,Likud
2889981,9,Likud
2901616,9,Likud
504126,9,Likud
2902039,9,Likud
2906138,9,Likud
2904183,9,Likud
2778006,9,Likud
361315,9,Likud
2901119,9,Likud
2904677,9,Likud
434182,9,Likud
181832,9,Likud
2901672,9,Likud
2904671,9,Likud
1175220,9,Likud
2909741,9,Likud
2447659,9,Likud
2902025,9,Likud
945024,9,Likud
911074,9,Likud
2776502,9,Likud
941785,9,Likud
93181,9,Likud
2906997,9,Likud
2906980,9,Likud
2906678,9,Likud
2901936,9,Likud
983248,9,Likud
2905212,9,Likud
1948944,9,Likud
184351,9,Likud
434978,9,Likud
573858,9,Likud
2334832,9,Likud
145171,9,Likud
2902335,9,Likud
2904724,9,Likud
128911,9,Likud
319015,9,Alignment
2901400,9,Alignment
2919932,9,Alignment
2904549,9,Alignment
2777751,9,Alignment
467150,9,Alignment
2909091,9,Alignment
188783,9,Alignment
305776,9,Alignment
2907928,9,Alignment
1963442,9,Alignment
2776910,9,Alignment
2778248,9,Alignment
2900487,9,Alignment
2778335,9,Alignment
1719051,9,Alignment
2909329,9,Alignment
2901964,9,Alignment
2908342,9,Alignment
311583,9,Alignment
57410,9,Alignment
34060,9,Alignment
434179,9,Alignment
2900128,9,Alignment
143172,9,Alignment
2906636,9,Alignment
1328923,9,Alignment
2901527,9,Alignment
612860,9,Alignment
266713,9,Alignment
2920244,9,Alignment
434951,9,Alignment
449095,9,Democratic Movement for Change
2910048,9,Democratic Movement for Change
2920413,9,Democratic Movement for Change
2905815,9,Democratic Movement for Change
2900185,9,Democratic Movement for Change
216039,9,Democratic Movement for Change
2911436,9,Democratic Movement for Change
2890919,9,Democratic Movement for Change
434957,9,Democratic Movement for Change
2916233,9,Democratic Movement for Change
551409,9,Democratic Movement for Change
216046,9,Democratic Movement for Change
359699,9,Democratic Movement for Change
2903022,9,Democratic Movement for Change
1371893,9,Democratic Movement for Change
2910680,9,National Religious Party
47991,9,National Religious Party
2904656,9,National Religious Party
216021,9,National Religious Party
2915616,9,National Religious Party
2902437,9,National Religious Party
2910400,9,National Religious Party
2777542,9,National Religious Party
2901540,9,National Religious Party
2901639,9,National Religious Party
2902389,9,National Religious Party
2890045,9,National Religious Party
2776774,9,Hadash
2900513,9,Hadash
969950,9,Hadash
1376050,9,Hadash
968637,9,Hadash
2778213,9,Agudat Yisrael
2904767,9,Agudat Yisrael
2904731,9,Agudat Yisrael
605443,9,Agudat Yisrael
658086,9,Left Camp of Israel
2083643,9,Left Camp of Israel
60206,9,Shlomtzion
2908953,9,Shlomtzion
2889629,9,Development and Peace
267335,9,Ratz
1391626,9,Independent Liberals
2778053,9,Poalei Agudat Yisrael
2919596,9,United Arab List
548185,10,Likud
434195,10,Likud
130873,10,Likud
1328935,10,Likud
983112,10,Likud
2901616,10,Likud
504126,10,Likud
2902039,10,Likud
2906138,10,Likud
2904183,10,Likud
2778006,10,Likud
361315,10,Likud
2908223,10,Likud
2903271,10,Likud
2904677,10,Likud
181832,10,Likud
2904671,10,Likud
2901738,10,Likud
1175220,10,Likud
2909741,10,Likud
2447659,10,Likud
2907544,10,Likud
2613811,10,Likud
945024,10,Likud
911074,10,Likud
2776502,10,Likud
941785,10,Likud
2911436,10,Likud
93181,10,Likud
2906997,10,Likud
2905913,10,Likud
2906980,10,Likud
2907100,10,Likud
2900545,10,Likud
2901936,10,Likud
983248,10,Likud
2900629,10,Likud
2902244,10,Likud
184351,10,Likud
434978,10,Likud
60206,10,Likud
939899,10,Likud
2976067,10,Likud
573858,10,Likud
2334832,10,Likud
983154,10,Likud
167501,10,Likud
2904724,10,Likud
2919932,10,Alignment
2904549,10,Alignment
2908930,10,Alignment
2777751,10,Alignment
467150,10,Alignment
971962,10,Alignment
2909091,10,Alignment
2902064,10,Alignment
2902124,10,Alignment
305776,10,Alignment
2905752,10,Alignment
2907928,10,Alignment
1963442,10,Alignment
2904710,10,Alignment
2902957,10,Alignment
1335169,10,Alignment
2778248,10,Alignment
2908970,10,Alignment
2901747,10,Alignment
2778335,10,Alignment
2900135,10,Alignment
295141,10,Alignment
1719051,10,Alignment
2908982,10,Alignment
2900165,10,Alignment
2909329,10,Alignment
2900503,10,Alignment
2900581,10,Alignment
2908342,10,Alignment
2905257,10,Alignment
57410,10,Alignment
34060,10,Alignment
2909032,10,Alignment
2900128,10,Alignment
143172,10,Alignment
2900521,10,Alignment
2906636,10,Alignment
2891007,10,Alignment
1328923,10,Alignment
2900704,10,Alignment
2253290,10,Alignment
2776738,10,Alignment
2901989,10,Alignment
574033,10,Alignment
612860,10,Alignment
2920244,10,Alignment
2902343,10,Alignment
47991,10,National Religious Party
2904656,10,National Religious Party
216021,10,National Religious Party
2915616,10,National Religious Party
2910400,10,National Religious Party
2777542,10,National Religious Party
2915117,10,Agudat Yisrael
2904731,10,Agudat Yisrael
605443,10,Agudat Yisrael
2778243,10,Agudat Yisrael
2776774,10,Hadash
969950,10,Hadash
1376050,10,Hadash
968637,10,Hadash
2889981,10,Tehiya
471965,10,Tehiya
263543,10,Tehiya
2910680,10,Tami
2901540,10,Tami
2906629,10,Tami
188783,10,Telem
2911774,10,Telem
2890919,10,Shinui
551409,10,Shinui
267335,10,Ratz
2919932,11,Alignment
2904549,11,Alignment
2908930,11,Alignment
2777751,11,Alignment
2778276,11,Alignment
467150,11,Alignment
2909091,11,Alignment
2902064,11,Alignment
2906098,11,Alignment
953882,11,Alignment
305776,11,Alignment
2905752,11,Alignment
2902957,11,Alignment
2776910,11,Alignment
1335169,11,Alignment
2778248,11,Alignment
2908970,11,Alignment
2778335,11,Alignment
1719051,11,Alignment
2908982,11,Alignment
2776909,11,Alignment
434987,11,Alignment
2909741,11,Alignment
2900503,11,Alignment
2908342,11,Alignment
311583,11,Alignment
2905257,11,Alignment
57410,11,Alignment
2907019,11,Alignment
34060,11,Alignment
652581,11,Alignment
2901954,11,Alignment
143172,11,Alignment
2906764,11,Alignment
2906636,11,Alignment
2900119,11,Alignment
2891007,11,Alignment
2904395,11,Alignment
1328923,11,Alignment
2253290,11,Alignment
2776738,11,Alignment
2901989,11,Alignment
574033,11,Alignment
612860,11,Alignment
548185,11,Likud
434195,11,Likud
1328935,11,Likud
2901616,11,Likud
504126,11,Likud
2902039,11,Likud
2906138,11,Likud
2904183,11,Likud
2778006,11,Likud
1820307,11,Likud
2907047,11,Likud
2919836,11,Likud
2908223,11,Likud
2903271,11,Likud
2904677,11,Likud
181832,11,Likud
2904671,11,Likud
2901738,11,Likud
2660886,11,Likud
1175220,11,Likud
2901987,11,Likud
2907544,11,Likud
2904753,11,Likud
1159122,11,Likud
945024,11,Likud
911074,11,Likud
2776502,11,Likud
941785,11,Likud
93181,11,Likud
2906997,11,Likud
2907100,11,Likud
2900629,11,Likud
2902244,11,Likud
184351,11,Likud
434978,11,Likud
60206,11,Likud
939899,11,Likud
573858,11,Likud
2334832,11,Likud
983154,11,Likud
2900496,11,Likud
365524,11,Tehiya
2889981,11,Tehiya
471965,11,Tehiya
2900571,11,Tehiya
516228,11,Tehiya
216021,11,National Religious Party
2901999,11,National Religious Party
2910400,11,National Religious Party
2909821,11,National Religious Party
2776774,11,Hadash
969950,11,Hadash
1376050,11,Hadash
968637,11,Hadash
2907019,11,Shas
2906605,11,Shas
2777806,11,Shas
2906710,11,Shas
2920413,11,Shinui
2890919,11,Shinui
551409,11,Shinui
267335,11,Ratz
2902302,11,Ratz
2890702,11,Ratz
5103919,11,Yahad
128888,11,Yahad
128911,11,Yahad
2902417,11,Progressive List for Peace
2778068,11,Progressive List for Peace
605443,11,Agudat Yisrael
2778243,11,Agudat Yisrael
2915616,11,Morasha
2910374,11,Morasha
247538,11,Kach
2910680,11,Tami
434182,11,Ometz
2910680,12,Likud
2909043,12,Likud
548185,12,Likud
2663586,12,Likud
1328935,12,Likud
2902039,12,Likud
2906138,12,Likud
2778006,12,Likud
1820307,12,Likud
2907047,12,Likud
2919836,12,Likud
2901579,12,Likud
2903271,12,Likud
2904677,12,Likud
2301106,12,Likud
434182,12,Likud
181832,12,Likud
2660886,12,Likud
1175220,12,Likud
2901987,12,Likud
2907544,12,Likud
2904753,12,Likud
1159122,12,Likud
945024,12,Likud
911074,12,Likud
43723,12,Likud
941785,12,Likud
93181,12,Likud
2906997,12,Likud
2905913,12,Likud
455854,12,Likud
2778280,12,Likud
2900640,12,Likud
184351,12,Likud
434978,12,Likud
60206,12,Likud
573858,12,Likud
145171,12,Likud
983154,12,Likud
2900496,12,Likud
2908930,12,Alignment
2777751,12,Alignment
467150,12,Alignment
971962,12,Alignment
2909091,12,Alignment
548964,12,Alignment
128888,12,Alignment
2909723,12,Alignment
736237,12,Alignment
2906742,12,Alignment
2904798,12,Alignment
2905752,12,Alignment
658086,12,Alignment
2904347,12,Alignment
2904939,12,Alignment
2890624,12,Alignment
1335169,12,Alignment
2778335,12,Alignment
1719051,12,Alignment
2908982,12,Alignment
2776909,12,Alignment
434987,12,Alignment
2907092,12,Alignment
2907296,12,Alignment
2908342,12,Alignment
311583,12,Alignment
57410,12,Alignment
472117,12,Alignment
34060,12,Alignment
652581,12,Alignment
2906636,12,Alignment
2909079,12,Alignment
791348,12,Alignment
2904395,12,Alignment
2776738,12,Alignment
574033,12,Alignment
128911,12,Alignment
612860,12,Alignment
949226,12,Alignment
248159,12,Shas
2907032,12,Shas
2909069,12,Shas
2906971,12,Shas
2907019,12,Shas
2906605,12,Shas
2904329,12,Agudat Yisrael
2915117,12,Agudat Yisrael
2903243,12,Agudat Yisrael
605443,12,Agudat Yisrael
2910374,12,Agudat Yisrael
267335,12,Ratz
2890702,12,Ratz
143172,12,Ratz
551409,12,Ratz
2910047,12,Ratz
2907559,12,National Religious Party
2910400,12,National Religious Party
2910106,12,National Religious Party
263543,12,National Religious Party
2909821,12,National Religious Party
2776774,12,Hadash
969950,12,Hadash
1376050,12,Hadash
968637,12,Hadash
2889981,12,Tehiya
471965,12,Tehiya
516228,12,Tehiya
2910130,12,Mapam
981725,12,Mapam
2253290,12,Mapam
365524,12,Tzomet
2778315,12,Tzomet
2909748,12,Moledet
170310,12,Moledet
2573759,12,Shinui
2890919,12,Shinui
2386604,12,Degel HaTorah
2614411,12,Degel HaTorah
2902417,12,Progressive List for Peace
2906098,12,Arab Democratic Party
2910660,13,Labor Party
2909091,13,Labor Party
548964,13,Labor Party
128888,13,Labor Party
2909723,13,Labor Party
2904289,13,Labor Party
736237,13,Labor Party
2906742,13,Labor Party
2904798,13,Labor Party
268262,13,Labor Party
2905752,13,Labor Party
2904337,13,Labor Party
2904347,13,Labor Party
2904939,13,Labor Party
2907550,13,Labor Party
1335169,13,Labor Party
2778335,13,Labor Party
234190,13,Labor Party
2081340,13,Labor Party
2904313,13,Labor Party
2776909,13,Labor Party
2904284,13,Labor Party
434987,13,Labor Party
2908277,13,Labor Party
2907092,13,Labor Party
2907296,13,Labor Party
2908342,13,Labor Party
2777873,13,Labor Party
57410,13,Labor Party
472117,13,Labor Party
34060,13,Labor Party
652581,13,Labor Party
2902314,13,Labor Party
2906636,13,Labor Party
2901767,13,Labor Party
2909079,13,Labor Party
791348,13,Labor Party
1296492,13,Labor Party
2628087,13,Labor Party
2900697,13,Labor Party
574033,13,Labor Party
2908301,13,Labor Party
949226,13,Labor Party
461900,13,Labor Party
2909043,13,Likud
2905433,13,Likud
2663586,13,Likud
1328935,13,Likud
2777415,13,Likud
1820307,13,Likud
2907047,13,Likud
2890624,13,Likud
2301106,13,Likud
547800,13,Likud
181832,13,Likud
2904671,13,Likud
2660886,13,Likud
1175220,13,Likud
522242,13,Likud
2907544,13,Likud
2904753,13,Likud
2908231,13,Likud
1159122,13,Likud
945024,13,Likud
361323,13,Likud
43723,13,Likud
941785,13,Likud
93181,13,Likud
2906997,13,Likud
553567,13,Likud
2900640,13,Likud
184351,13,Likud
60206,13,Likud
939899,13,Likud
573858,13,Likud
983154,13,Likud
267335,13,Meretz
2890162,13,Meretz
2890702,13,Meretz
2911768,13,Meretz
981725,13,Meretz
2573759,13,Meretz
2890919,13,Meretz
2901716,13,Meretz
143172,13,Meretz
2902290,13,Meretz
2253290,13,Meretz
2910047,13,Meretz
2905455,13,Tzomet
2904424,13,Tzomet
365524,13,Tzomet
2975491,13,Tzomet
2776377,13,Tzomet
2778132,13,Tzomet
2910007,13,Tzomet
2910435,13,Tzomet
2907559,13,National Religious Party
2910400,13,National Religious Party
2910106,13,National Religious Party
263543,13,National Religious Party
2909821,13,National Religious Party
2916597,13,National Religious Party
248159,13,Shas
2916912,13,Shas
2670985,13,Shas
2909069,13,Shas
2906376,13,Shas
2906605,13,Shas
2915117,13,United Torah Judaism
2907019,13,United Torah Judaism
605443,13,United Torah Judaism
2778243,13,United Torah Judaism
2890070,13,Hadash
2908359,13,Hadash
968637,13,Hadash
2909415,13,Moledet
2902091,13,Moledet
170310,13,Moledet
2906098,13,Arab Democratic Party
2890855,13,Arab Democratic Party
2910139,14,Labor Party
472117,14,Labor Party
791348,14,Labor Party
2908301,14,Labor Party
128888,14,Labor Party
234190,14,Labor Party
434987,14,Labor Party
2907203,14,Labor Party
1296492,14,Labor Party
125731,14,Labor Party
2909723,14,Labor Party
2907550,14,Labor Party
2907296,14,Labor Party
652581,14,Labor Party
2904939,14,Labor Party
2906636,14,Labor Party
2907092,14,Labor Party
461900,14,Labor Party
1337669,14,Labor Party
2777873,14,Labor Party
2906742,14,Labor Party
2905752,14,Labor Party
2904337,14,Labor Party
2628087,14,Labor Party
2630086,14,Labor Party
574033,14,Labor Party
57410,14,Labor Party
559208,14,Labor Party
462726,14,Labor Party
2909091,14,Labor Party
268262,14,Labor Party
1371549,14,Labor Party
548964,14,Labor Party
2904313,14,Labor Party
60206,14,Likud-Gesher-Tzomet
547800,14,Likud-Gesher-Tzomet
43723,14,Likud-Gesher-Tzomet
2663586,14,Likud-Gesher-Tzomet
1159122,14,Likud-Gesher-Tzomet
983154,14,Likud-Gesher-Tzomet
1175220,14,Likud-Gesher-Tzomet
2907544,14,Likud-Gesher-Tzomet
2901591,14,Likud-Gesher-Tzomet
93181,14,Likud-Gesher-Tzomet
1328935,14,Likud-Gesher-Tzomet
2910007,14,Likud-Gesher-Tzomet
920526,14,Likud-Gesher-Tzomet
2904424,14,Likud-Gesher-Tzomet
2904753,14,Likud-Gesher-Tzomet
522242,14,Likud-Gesher-Tzomet
2890150,14,Likud-Gesher-Tzomet
939899,14,Likud-Gesher-Tzomet
1820307,14,Likud-Gesher-Tzomet
2037896,14,Likud-Gesher-Tzomet
181832,14,Likud-Gesher-Tzomet
2776377,14,Likud-Gesher-Tzomet
2777415,14,Likud-Gesher-Tzomet
2905455,14,Likud-Gesher-Tzomet
365524,14,Likud-Gesher-Tzomet
2909043,14,Likud-Gesher-Tzomet
553567,14,Likud-Gesher-Tzomet
2301106,14,Likud-Gesher-Tzomet
2660886,14,Likud-Gesher-Tzomet
961939,14,Likud-Gesher-Tzomet
29427,14,Likud-Gesher-Tzomet
197108,14,Likud-Gesher-Tzomet
2670985,14,Shas
2909069,14,Shas
2331314,14,Shas
2916806,14,Shas
557424,14,Shas
2907721,14,Shas
2906605,14,Shas
2916912,14,Shas
2915390,14,Shas
2331109,14,Shas
2909821,14,National Religious Party
7183505,14,National Religious Party
263543,14,National Religious Party
2916597,14,National Religious Party
2900557,14,National Religious Party
2907559,14,National Religious Party
2910106,14,National Religious Party
2910400,14,National Religious Party
2891122,14,National Religious Party
2890919,14,Meretz
2911768,14,Meretz
2573759,14,Meretz
2910047,14,Meretz
981725,14,Meretz
2890162,14,Meretz
2890702,14,Meretz
2901716,14,Meretz
143172,14,Meretz
271402,14,Yisrael BaAliyah
1371452,14,Yisrael BaAliyah
360961,14,Yisrael BaAliyah
2890361,14,Yisrael BaAliyah
1711779,14,Yisrael BaAliyah
1382012,14,Yisrael BaAliyah
2904703,14,Yisrael BaAliyah
400729,14,Hadash-Balad
313589,14,Hadash-Balad
2908359,14,Hadash-Balad
2900436,14,Hadash-Balad
2890070,14,Hadash-Balad
2614411,14,United Torah Judaism
1391548,14,United Torah Judaism
2386604,14,United Torah Judaism
2915117,14,United Torah Judaism
132095,14,The Third Way
2081340,14,The Third Way
949226,14,The Third Way
2900647,14,The Third Way
2890168,14,Mada-Ra'am
2906098,14,Mada-Ra'am
2890855,14,Mada-Ra'am
2902373,14,Mada-Ra'am
2904001,14,Moledet
170310,14,Moledet
125731,15,One Israel
57410,15,One Israel
1175220,15,One Israel
559208,15,One Israel
548964,15,One Israel
1380540,15,One Israel
736237,15,One Israel
2906742,15,One Israel
2909091,15,One Israel
234190,15,One Israel
128888,15,One Israel
652581,15,One Israel
2907550,15,One Israel
791348,15,One Israel
268262,15,One Israel
1337669,15,One Israel
706701,15,One Israel
2890150,15,One Israel
1296492,15,One Israel
2907092,15,One Israel
2908301,15,One Israel
462726,15,One Israel
2628087,15,One Israel
2630086,15,One Israel
2904313,15,One Israel
2908339,15,One Israel
43723,15,Likud
553567,15,Likud
181832,15,Likud
522242,15,Likud
939899,15,Likud
920526,15,Likud
2777415,15,Likud
60206,15,Likud
2660886,15,Likud
455854,15,Likud
2910042,15,Likud
2301106,15,Likud
487304,15,Likud
1820307,15,Likud
2904753,15,Likud
548185,15,Likud
547800,15,Likud
151796,15,Likud
2584267,15,Likud
2909069,15,Shas
2907072,15,Shas
557424,15,Shas
2916912,15,Shas
2915390,15,Shas
2331325,15,Shas
2907721,15,Shas
2331314,15,Shas
2916806,15,Shas
2331109,15,Shas
2907004,15,Shas
2915482,15,Shas
2906357,15,Shas
2612867,15,Shas
2909722,15,Shas
2906325,15,Shas
2908328,15,Shas
143172,15,Meretz
2890702,15,Meretz
981725,15,Meretz
2890919,15,Meretz
2911768,15,Meretz
2630062,15,Meretz
2890777,15,Meretz
2630091,15,Meretz
2890162,15,Meretz
2907520,15,Meretz
360961,15,Yisrael BaAliyah
1711779,15,Yisrael BaAliyah
2890361,15,Yisrael BaAliyah
271402,15,Yisrael BaAliyah
2901947,15,Yisrael BaAliyah
2907063,15,Yisrael BaAliyah
471751,15,Shinui
2573759,15,Shinui
273685,15,Shinui
2909435,15,Shinui
2910007,15,Shinui
2000478,15,Shinui
29427,15,Centre Party
473775,15,Centre Party
1159122,15,Centre Party
945024,15,Centre Party
2906706,15,Centre Party
2910025,15,Centre Party
2910106,15,National Religious Party
2915616,15,National Religious Party
2916597,15,National Religious Party
2907559,15,National Religious Party
2581598,15,National Religious Party
1391548,15,United Torah Judaism
2614411,15,United Torah Judaism
2120884,15,United Torah Judaism
2386604,15,United Torah Judaism
2915117,15,United Torah Judaism
2890168,15,United Arab List
2890855,15,United Arab List
2908359,15,United Arab List
2902373,15,United Arab List
2901955,15,United Arab List
170310,15,National Union
263543,15,National Union
2037896,15,National Union
2904001,15,National Union
2582008,15,Hadash
2890532,15,Hadash
2890070,15,Hadash
58311,15,Yisrael Beiteinu
1382012,15,Yisrael Beiteinu
1371452,15,Yisrael Beiteinu
975776,15,Yisrael Beiteinu
313589,15,Balad
2420712,15,Balad
472117,15,One Nation
2583214,15,One Nation
60206,16,Likud
43723,16,Likud
2301106,16,Likud
553567,16,Likud
2910042,16,Likud
522242,16,Likud
487304,16,Likud
920526,16,Likud
2777415,16,Likud
2660886,16,Likud
445611,16,Likud
1362317,16,Likud
151796,16,Likud
1820307,16,Likud
939899,16,Likud
1175220,16,Likud
2612708,16,Likud
966349,16,Likud
2777511,16,Likud
2909322,16,Likud
945253,16,Likud
2141400,16,Likud
2909295,16,Likud
2748768,16,Likud
265006,16,Likud
1344931,16,Likud
2907371,16,Likud
2910119,16,Likud
2663804,16,Likud
1361809,16,Likud
2907728,16,Likud
93181,16,Likud
2330469,16,Likud
197108,16,Likud
547800,16,Likud
455854,16,Likud
2583214,16,Likud
2584267,16,Likud
477530,16,Labor Party-Meimad
128888,16,Labor Party-Meimad
57410,16,Labor Party-Meimad
1380540,16,Labor Party-Meimad
736237,16,Labor Party-Meimad
234190,16,Labor Party-Meimad
1337669,16,Labor Party-Meimad
1296492,16,Labor Party-Meimad
2563029,16,Labor Party-Meimad
706701,16,Labor Party-Meimad
983258,16,Labor Party-Meimad
652581,16,Labor Party-Meimad
1159747,16,Labor Party-Meimad
2613062,16,Labor Party-Meimad
791348,16,Labor Party-Meimad
2915700,16,Labor Party-Meimad
2630086,16,Labor Party-Meimad
2331049,16,Labor Party-Meimad
2909723,16,Labor Party-Meimad
471751,16,Shinui
2573759,16,Shinui
273685,16,Shinui
2909435,16,Shinui
2910007,16,Shinui
2000478,16,Shinui
2909102,16,Shinui
2907195,16,Shinui
2907679,16,Shinui
2908349,16,Shinui
2907988,16,Shinui
2907997,16,Shinui
2908312,16,Shinui
2907341,16,Shinui
2907331,16,Shinui
557424,16,Shas
2916912,16,Shas
2907721,16,Shas
2331325,16,Shas
2915390,16,Shas
2331314,16,Shas
2915482,16,Shas
2331109,16,Shas
2909722,16,Shas
2612867,16,Shas
2330483,16,Shas
58311,16,National Union
2904001,16,National Union
1382012,16,National Union
2891122,16,National Union
1371452,16,National Union
2375726,16,National Union
658454,16,National Union
143172,16,Meretz-Yachad
981725,16,Meretz-Yachad
2890702,16,Meretz-Yachad
2630062,16,Meretz-Yachad
2890361,16,Meretz-Yachad
2890777,16,Meretz-Yachad
175792,16,National Religious Party
2581598,16,National Religious Party
2916597,16,National Religious Party
2910106,16,National Religious Party
2909390,16,National Religious Party
2909950,16,National Religious Party
2120884,16,United Torah Judaism
2614411,16,United Torah Judaism
1391548,16,United Torah Judaism
2386604,16,United Torah Judaism
2614420,16,United Torah Judaism
2582008,16,Hadash
2890532,16,Hadash
2420712,16,Hadash
472117,16,One Nation
2907696,16,One Nation
2916806,16,One Nation
313589,16,Balad
2504940,16,Balad
2916393,16,Balad
271402,16,Yisrael BaAliyah
1711779,16,Yisrael BaAliyah
2890168,16,United Arab List
2890855,16,United Arab List
93181,17,Kadima
151796,17,Kadima
939899,17,Kadima
790699,17,Kadima
271402,17,Kadima
652581,17,Kadima
359689,17,Kadima
2301106,17,Kadima
547800,17,Kadima
920526,17,Kadima
1361809,17,Kadima
234190,17,Kadima
197108,17,Kadima
2141400,17,Kadima
2583898,17,Kadima
945253,17,Kadima
2612708,17,Kadima
2255438,17,Kadima
2748768,17,Kadima
2916806,17,Kadima
939996,17,Kadima
2613072,17,Kadima
1371452,17,Kadima
2777214,17,Kadima
2612715,17,Kadima
2907085,17,Kadima
2777786,17,Kadima
2903330,17,Kadima
2919162,17,Kadima
472117,17,Labor-Meimad
983258,17,Labor-Meimad
1337669,17,Labor-Meimad
791137,17,Labor-Meimad
2563029,17,Labor-Meimad
470654,17,Labor-Meimad
2613062,17,Labor-Meimad
128888,17,Labor-Meimad
2419510,17,Labor-Meimad
706701,17,Labor-Meimad
1380540,17,Labor-Meimad
2915700,17,Labor-Meimad
2776767,17,Labor-Meimad
2630086,17,Labor-Meimad
2331049,17,Labor-Meimad
2855739,17,Labor-Meimad
705562,17,Labor-Meimad
2331073,17,Labor-Meimad
2899838,17,Labor-Meimad
557424,17,Shas
2915390,17,Shas
2331325,17,Shas
2915482,17,Shas
970354,17,Shas
2331314,17,Shas
2331109,17,Shas
2612867,17,Shas
2330483,17,Shas
84093,17,Shas
2330514,17,Shas
2919803,17,Shas
675940,17,Gil
2916519,17,Gil
2906666,17,Gil
2906757,17,Gil
2778290,17,Gil
2778264,17,Gil
2906667,17,Gil
43723,17,Likud
553567,17,Likud
265006,17,Likud
2663804,17,Likud
966349,17,Likud
1820307,17,Likud
455854,17,Likud
1362317,17,Likud
522242,17,Likud
487304,17,Likud
2583214,17,Likud
1711779,17,Likud
58311,17,Yisrael Beiteinu
1385119,17,Yisrael Beiteinu
2373588,17,Yisrael Beiteinu
528225,17,Yisrael Beiteinu
1967775,17,Yisrael Beiteinu
462726,17,Yisrael Beiteinu
2044736,17,Yisrael Beiteinu
974653,17,Yisrael Beiteinu
984473,17,Yisrael Beiteinu
2059469,17,Yisrael Beiteinu
2059478,17,Yisrael Beiteinu
2904001,17,National Union-NRP
2581598,17,National Union-NRP
2891122,17,National Union-NRP
175792,17,National Union-NRP
2909950,17,National Union-NRP
2910106,17,National Union-NRP
2907245,17,National Union-NRP
658454,17,National Union-NRP
2375726,17,National Union-NRP
2120884,17,United Torah Judaism
1391548,17,United Torah Judaism
2386604,17,United Torah Judaism
2915117,17,United Torah Judaism
2330547,17,United Torah Judaism
2899881,17,United Torah Judaism
981725,17,Meretz-Yachad
2890702,17,Meretz-Yachad
2630062,17,Meretz-Yachad
2890777,17,Meretz-Yachad
467354,17,Meretz-Yachad
2914999,17,United Arab List
2420712,17,United Arab List
2890855,17,United Arab List
2906664,17,United Arab List
2582008,17,Hadash
1660317,17,Hadash
2658565,17,Hadash
2504940,17,Balad
2916393,17,Balad
2916329,17,Balad
359689,18,Kadima
234190,18,Kadima
1361809,18,Kadima
939899,18,Kadima
2612708,18,Kadima
271402,18,Kadima
2612715,18,Kadima
2141400,18,Kadima
2080721,18,Kadima
939996,18,Kadima
2612721,18,Kadima
2919162,18,Kadima
2331382,18,Kadima
945253,18,Kadima
2277956,18,Kadima
2903330,18,Kadima
2907085,18,Kadima
1385119,18,Kadima
2330567,18,Kadima
2613072,18,Kadima
2066203,18,Kadima
2060651,18,Kadima
2330582,18,Kadima
2332924,18,Kadima
2892496,18,Kadima
2647610,18,Kadima
2917373,18,Kadima
4695783,18,Kadima
43723,18,Likud
966349,18,Likud
2663804,18,Likud
455854,18,Likud
2663586,18,Likud
265006,18,Likud
553567,18,Likud
981881,18,Likud
1362317,18,Likud
2330469,18,Likud
487304,18,Likud
1711779,18,Likud
522242,18,Likud
2583214,18,Likud
1820307,18,Likud
1159122,18,Likud
445606,18,Likud
445611,18,Likud
2583898,18,Likud
2330458,18,Likud
2330498,18,Likud
2584267,18,Likud
2919440,18,Likud
2330538,18,Likud
2919288,18,Likud
128949,18,Likud
501917,18,Likud
58311,18,Yisrael Beiteinu
2660886,18,Yisrael Beiteinu
1967775,18,Yisrael Beiteinu
2044736,18,Yisrael Beiteinu
462726,18,Yisrael Beiteinu
466537,18,Yisrael Beiteinu
2914839,18,Yisrael Beiteinu
2059478,18,Yisrael Beiteinu
444147,18,Yisrael Beiteinu
462669,18,Yisrael Beiteinu
974653,18,Yisrael Beiteinu
1572575,18,Yisrael Beiteinu
2059487,18,Yisrael Beiteinu
2059469,18,Yisrael Beiteinu
984473,18,Yisrael Beiteinu
557424,18,Shas
970354,18,Shas
2915390,18,Shas
2331325,18,Shas
2915482,18,Shas
2330483,18,Shas
2331314,18,Shas
2331109,18,Shas
2612867,18,Shas
2330514,18,Shas
84093,18,Shas
2419510,18,Labor Party
983258,18,Labor Party
791137,18,Labor Party
2613062,18,Labor Party
128888,18,Labor Party
2331338,18,Labor Party
705562,18,Labor Party
2855739,18,Labor Party
125731,18,Independence
1380540,18,Independence
2630086,18,Independence
2331049,18,Independence
2612852,18,Independence
2120884,18,United Torah Judaism
2386604,18,United Torah Judaism
2330547,18,United Torah Judaism
2082327,18,United Torah Judaism
2614420,18,United Torah Judaism
2579152,18,National Union
2375726,18,National Union
658454,18,National Union
2613056,18,National Union
2582008,18,Hadash
1660317,18,Hadash
2658565,18,Hadash
2330554,18,Hadash
2914999,18,United Arab List–Ta'al
2890855,18,United Arab List–Ta'al
305115,18,United Arab List–Ta'al
2420712,18,United Arab List–Ta'al
2613034,18,The Jewish Home
2581598,18,The Jewish Home
2331090,18,The Jewish Home
2630091,18,New Movement – Meretz
2916662,18,New Movement – Meretz
2630062,18,New Movement – Meretz
2504940,18,Balad
2916329,18,Balad
271450,18,Balad
1396120,19,Yesh Atid
3663039,19,Yesh Atid
3735925,19,Yesh Atid
3663051,19,Yesh Atid
2909958,19,Yesh Atid
3663054,19,Yesh Atid
4358425,19,Yesh Atid
2468984,19,Yesh Atid
3663205,19,Yesh Atid
3663042,19,Yesh Atid
3701621,19,Yesh Atid
3701624,19,Yesh Atid
3792108,19,Yesh Atid
3663047,19,Yesh Atid
3792124,19,Yesh Atid
3792115,19,Yesh Atid
3701630,19,Yesh Atid
3818024,19,Yesh Atid
3818031,19,Yesh Atid
43723,19,Likud
2663804,19,Likud
553567,19,Likud
487304,19,Likud
2919440,19,Likud
981881,19,Likud
2583898,19,Likud
445606,19,Likud
2330458,19,Likud
1711779,19,Likud
2583214,19,Likud
128949,19,Likud
1367272,19,Likud
1362317,19,Likud
2301106,19,Likud
522242,19,Likud
2919288,19,Likud
445611,19,Likud
2419510,19,Labor Party
983258,19,Labor Party
2613062,19,Labor Party
391262,19,Labor Party
3593226,19,Labor Party
3593286,19,Labor Party
892490,19,Labor Party
791137,19,Labor Party
4300460,19,Labor Party
3593364,19,Labor Party
3593430,19,Labor Party
3593505,19,Labor Party
2612721,19,Labor Party
4358433,19,Labor Party
705562,19,Labor Party
58311,19,Yisrael Beiteinu
2905470,19,Yisrael Beiteinu
2660886,19,Yisrael Beiteinu
462726,19,Yisrael Beiteinu
2044736,19,Yisrael Beiteinu
466537,19,Yisrael Beiteinu
462669,19,Yisrael Beiteinu
2059478,19,Yisrael Beiteinu
974653,19,Yisrael Beiteinu
1572575,19,Yisrael Beiteinu
2513525,19,Yisrael Beiteinu
984473,19,Yisrael Beiteinu
2899838,19,Yisrael Beiteinu
39318,19,The Jewish Home
2375726,19,The Jewish Home
2909950,19,The Jewish Home
3593541,19,The Jewish Home
2791686,19,The Jewish Home
3593637,19,The Jewish Home
3593674,19,The Jewish Home
3593700,19,The Jewish Home
3593944,19,The Jewish Home
3896412,19,The Jewish Home
3867185,19,The Jewish Home
7027480,19,The Jewish Home
557424,19,Shas
2915390,19,Shas
2915482,19,Shas
2331325,19,Shas
2330483,19,Shas
2331314,19,Shas
2331109,19,Shas
2612867,19,Shas
2330514,19,Shas
17280189,19,Shas
18702699,19,Shas
2120884,19,United Torah Judaism
2386604,19,United Torah Judaism
1391548,19,United Torah Judaism
2330547,19,United Torah Judaism
2082327,19,United Torah Judaism
2614420,19,United Torah Judaism
2899261,19,United Torah Judaism
151796,19,Hatnuah
477530,19,Hatnuah
472117,19,Hatnuah
4358424,19,Hatnuah
939899,19,Hatnuah
3818061,19,Hatnuah
2630062,19,Meretz
2630091,19,Meretz
2916662,19,Meretz
3594005,19,Meretz
3594030,19,Meretz
3818052,19,Meretz
2582008,19,Hadash
1660317,19,Hadash
2658565,19,Hadash
2330554,19,Hadash
2914999,19,United Arab List
305115,19,United Arab List
4705173,19,United Arab List
2504940,19,Balad
271450,19,Balad
4300370,19,Balad
359689,19,Kadima
2647610,19,Kadima
2420712,19,Ta'al
43723,20,Likud
2663804,20,Likud
1711779,20,Likud
487304,20,Likud
128949,20,Likud
2583898,20,Likud
2330458,20,Likud
2663586,20,Likud
2301106,20,Likud
1362317,20,Likud
445611,20,Likud
2919288,20,Likud
18755548,20,Likud
2583214,20,Likud
18785311,20,Likud
445606,20,Likud
19201160,20,Likud
19615491,20,Likud
19615664,20,Likud
2584267,20,Likud
19615870,20,Likud
790699,20,Likud
6839075,20,Likud
19627844,20,Likud
19627861,20,Likud
19627890,20,Likud
20824112,20,Likud
21794010,20,Likud
18368428,20,Likud
58004800,20,Likud
151796,20,Zionist Union
2419510,20,Zionist Union
892490,20,Zionist Union
3593364,20,Zionist Union
3593286,20,Zionist Union
3593226,20,Zionist Union
472117,20,Zionist Union
391262,20,Zionist Union
2613062,20,Zionist Union
3593430,20,Zionist Union
18764191,20,Zionist Union
2612715,20,Zionist Union
16131655,20,Zionist Union
3593505,20,Zionist Union
2612721,20,Zionist Union
18814813,20,Zionist Union
19634034,20,Zionist Union
12407970,20,Zionist Union
5422554,20,Zionist Union
21154875,20,Zionist Union
41292946,20,Zionist Union
41564316,20,Zionist Union
2331382,20,Zionist Union
4358433,20,Zionist Union
12181439,20,Joint List
305115,20,Joint List
2504940,20,Joint List
2420712,20,Joint List
12410181,20,Joint List
19607849,20,Joint List
271450,20,Joint List
2658565,20,Joint List
4705173,20,Joint List
28950315,20,Joint List
19628276,20,Joint List
34229146,20,Joint List
33112524,20,Joint List
1396120,20,Yesh Atid
3735925,20,Yesh Atid
3663051,20,Yesh Atid
3663054,20,Yesh Atid
18120856,20,Yesh Atid
2468984,20,Yesh Atid
3663042,20,Yesh Atid
4358425,20,Yesh Atid
3701621,20,Yesh Atid
4358424,20,Yesh Atid
3663047,20,Yesh Atid
6747307,20,Kulanu
2581825,20,Kulanu
15298651,20,Kulanu
16128811,20,Kulanu
19634043,20,Kulanu
19634024,20,Kulanu
19655898,20,Kulanu
19634029,20,Kulanu
2917373,20,Kulanu
60361222,20,Kulanu
2375726,20,The Jewish Home
3593541,20,The Jewish Home
2909950,20,The Jewish Home
3593700,20,The Jewish Home
18759744,20,The Jewish Home
2330483,20,Shas
17280189,20,Shas
2331109,20,Shas
27670547,20,Shas
2915482,20,Shas
40318665,20,Shas
50424294,20,Shas
58311,20,Yisrael Beiteinu
462726,20,Yisrael Beiteinu
1572575,20,Yisrael Beiteinu
974653,20,Yisrael Beiteinu
20898016,20,Yisrael Beiteinu
2120884,20,United Torah Judaism
2386604,20,United Torah Judaism
2330547,20,United Torah Judaism
2082327,20,United Torah Judaism
2614420,20,United Torah Judaism
2899261,20,United Torah Judaism
2630091,20,Meretz
3594030,20,Meretz
3594005,20,Meretz
3818052,20,Meretz
2909698,20,Meretz
39318,20,New Right
2791686,20,New Right
3867185,20,New Right
466537,20,Independent
43723,21,Likud
1711779,21,Likud
487304,21,Likud
2663804,21,Likud
966349,21,Likud
128949,21,Likud
2330458,21,Likud
723506,21,Likud
468394,21,Likud
445611,21,Likud
790699,21,Likud
2583898,21,Likud
2583214,21,Likud
2301106,21,Likud
2919288,21,Likud
1362317,21,Likud
445606,21,Likud
19201160,21,Likud
21794010,21,Likud
63107922,21,Likud
63111202,21,Likud
18785311,21,Likud
18755548,21,Likud
63116487,21,Likud
63124881,21,Likud
19615491,21,Likud
3593541,21,Likud
20824112,21,Likud
63092488,21,Likud
63166467,21,Likud
63087383,21,Likud
25490011,21,Likud
2909767,21,Likud
63197463,21,Likud
58004800,21,Likud
557436,21,Blue and White
1396120,21,Blue and White
981881,21,Blue and White
49067,21,Blue and White
18120890,21,Blue and White
3663051,21,Blue and White
6016683,21,Blue and White
3663054,21,Blue and White
8054214,21,Blue and White
2783222,21,Blue and White
6890749,21,Blue and White
6940081,21,Blue and White
3735925,21,Blue and White
7002735,21,Blue and White
20071724,21,Blue and White
3663042,21,Blue and White
7030786,21,Blue and White
2468984,21,Blue and White
7026303,21,Blue and White
47514932,21,Blue and White
4358424,21,Blue and White
3701621,21,Blue and White
61913859,21,Blue and White
3663047,21,Blue and White
28792417,21,Blue and White
18577963,21,Blue and White
6965078,21,Blue and White
6832388,21,Blue and White
30527509,21,Blue and White
3818024,21,Blue and White
20071716,21,Blue and White
50738495,21,Blue and White
62062074,21,Blue and White
59519064,21,Blue and White
63203042,21,Blue and White
2670985,21,Shas
2915390,21,Shas
2915482,21,Shas
2330483,21,Shas
17280189,21,Shas
27670547,21,Shas
63200127,21,Shas
50424294,21,Shas
2120884,21,United Torah Judaism
2386604,21,United Torah Judaism
1391548,21,United Torah Judaism
2330547,21,United Torah Judaism
61359772,21,United Torah Judaism
2899261,21,United Torah Judaism
2614420,21,United Torah Judaism
7007279,21,United Torah Judaism
12181439,21,Hadash–Ta'al
2420712,21,Hadash–Ta'al
12410181,21,Hadash–Ta'al
19628142,21,Hadash–Ta'al
61718702,21,Hadash–Ta'al
19628276,21,Hadash–Ta'al
19749308,21,Labor Party
2079300,21,Labor Party
3593364,21,Labor Party
2419510,21,Labor Party
472117,21,Labor Party
391262,21,Labor Party
58311,21,Yisrael Beiteinu
20898016,21,Yisrael Beiteinu
63183722,21,Yisrael Beiteinu
5360165,21,Yisrael Beiteinu
24276432,21,Yisrael Beiteinu
2906267,21,Union of the Right-Wing Parties
18759744,21,Union of the Right-Wing Parties
3593700,21,Union of the Right-Wing Parties
63176626,21,Union of the Right-Wing Parties
63181940,21,Union of the Right-Wing Parties
3818052,21,Meretz
2630091,21,Meretz
3594005,21,Meretz
3594030,21,Meretz
265006,21,Kulanu
19634024,21,Kulanu
19634043,21,Kulanu
19655898,21,Kulanu
62394296,21,Ra'am–Balad
61685599,21,Ra'am–Balad
19607849,21,Ra'am–Balad
61125543,21,Ra'am–Balad
557436,22,Blue and White
1396120,22,Blue and White
981881,22,Blue and White
49067,22,Blue and White
18120890,22,Blue and White
3663051,22,Blue and White
6016683,22,Blue and White
3663054,22,Blue and White
8054214,22,Blue and White
2783222,22,Blue and White
6890749,22,Blue and White
6940081,22,Blue and White
3735925,22,Blue and White
7002735,22,Blue and White
20071724,22,Blue and White
3663042,22,Blue and White
7030786,22,Blue and White
2468984,22,Blue and White
7026303,22,Blue and White
47514932,22,Blue and White
4358424,22,Blue and White
3701621,22,Blue and White
61913859,22,Blue and White
3663047,22,Blue and White
28792417,22,Blue and White
18577963,22,Blue and White
6965078,22,Blue and White
6832388,22,Blue and White
30527509,22,Blue and White
3818024,22,Blue and White
20071716,22,Blue and White
50738495,22,Blue and White
62062074,22,Blue and White
43723,22,Likud
1711779,22,Likud
487304,22,Likud
2663804,22,Likud
265006,22,Likud
966349,22,Likud
128949,22,Likud
2330458,22,Likud
723506,22,Likud
468394,22,Likud
445611,22,Likud
790699,22,Likud
2583898,22,Likud
2583214,22,Likud
19634024,22,Likud
2301106,22,Likud
2919288,22,Likud
1362317,22,Likud
445606,22,Likud
19201160,22,Likud
21794010,22,Likud
63107922,22,Likud
63111202,22,Likud
18785311,22,Likud
18755548,22,Likud
63116487,22,Likud
63124881,22,Likud
19615491,22,Likud
19634043,22,Likud
20824112,22,Likud
63092488,22,Likud
63166467,22,Likud
12181439,22,Joint List
61685599,22,Joint List
2420712,22,Joint List
62394296,22,Joint List
12410181,22,Joint List
67958229,22,Joint List
61718702,22,Joint List
61125543,22,Joint List
19628142,22,Joint List
19628276,22,Joint List
34229146,22,Joint List
68106569,22,Joint List
68105483,22,Joint List
2670985,22,Shas
2915390,22,Shas
2915482,22,Shas
2330483,22,Shas
17280189,22,Shas
27670547,22,Shas
63200127,22,Shas
50424294,22,Shas
7054034,22,Shas
58311,22,Yisrael Beiteinu
20898016,22,Yisrael Beiteinu
63183722,22,Yisrael Beiteinu
5360165,22,Yisrael Beiteinu
24276432,22,Yisrael Beiteinu
1572575,22,Yisrael Beiteinu
56681855,22,Yisrael Beiteinu
68106472,22,Yisrael Beiteinu
2120884,22,United Torah Judaism
2386604,22,United Torah Judaism
1391548,22,United Torah Judaism
2330547,22,United Torah Judaism
61359772,22,United Torah Judaism
2899261,22,United Torah Judaism
2614420,22,United Torah Judaism
472117,22,Labor-Gesher
466537,22,Labor-Gesher
3593364,22,Labor-Gesher
391262,22,Labor-Gesher
3593286,22,Labor-Gesher
18764191,22,Labor-Gesher
2916662,22,Democratic Union
892490,22,Democratic Union
569975,22,Democratic Union
3818052,22,Democratic Union
2630091,22,Democratic Union
2906267,22,Jewish Home–National Union
18759744,22,Jewish Home–National Union
3593700,22,Jewish Home–National Union
63176626,22,Jewish Home–National Union
2791686,22,New Right
39318,22,New Right
60951122,22,New Right
43723,23,Likud
1711779,23,Likud
487304,23,Likud
128949,23,Likud
2330458,23,Likud
723506,23,Likud
468394,23,Likud
445611,23,Likud
790699,23,Likud
2583214,23,Likud
19634024,23,Likud
2301106,23,Likud
2919288,23,Likud
1362317,23,Likud
19201160,23,Likud
62062074,23,Likud
63107922,23,Likud
63111202,23,Likud
18785311,23,Likud
18755548,23,Likud
63116487,23,Likud
63124881,23,Likud
19615491,23,Likud
19634043,23,Likud
63166467,23,Likud
63087383,23,Likud
25490011,23,Likud
16128811,23,Likud
2909767,23,Likud
63197463,23,Likud
58004800,23,Likud
97816805,23,Likud
104051298,23,Likud
104419412,23,Likud
2584267,23,Likud
104445697,23,Likud
1396120,23,Yesh Atid-Telem
981881,23,Yesh Atid-Telem
3663051,23,Yesh Atid-Telem
2783222,23,Yesh Atid-Telem
3663042,23,Yesh Atid-Telem
2468984,23,Yesh Atid-Telem
4358424,23,Yesh Atid-Telem
3701621,23,Yesh Atid-Telem
28792417,23,Yesh Atid-Telem
18577963,23,Yesh Atid-Telem
6832388,23,Yesh Atid-Telem
3818024,23,Yesh Atid-Telem
20071716,23,Yesh Atid-Telem
87134276,23,Yesh Atid-Telem
59519064,23,Yesh Atid-Telem
63203042,23,Yesh Atid-Telem
104696632,23,Yesh Atid-Telem
104696368,23,Yesh Atid-Telem
105235745,23,Yesh Atid-Telem
557436,23,Blue and White
49067,23,Blue and White
6016683,23,Blue and White
7026303,23,Blue and White
47514932,23,Blue and White
61913859,23,Blue and White
3663047,23,Blue and White
50738495,23,Blue and White
96357579,23,Blue and White
56751585,23,Blue and White
104465875,23,Blue and White
18121227,23,Blue and White
12181439,23,Joint List
61685599,23,Joint List
2420712,23,Joint List
62394296,23,Joint List
12410181,23,Joint List
67958229,23,Joint List
61718702,23,Joint List
61125543,23,Joint List
19628142,23,Joint List
19628276,23,Joint List
34229146,23,Joint List
68106569,23,Joint List
68105483,23,Joint List
87124322,23,Joint List
87125690,23,Joint List
2915390,23,Shas
2915482,23,Shas
2330483,23,Shas
27670547,23,Shas
63200127,23,Shas
50424294,23,Shas
7054034,23,Shas
96369448,23,Shas
96754353,23,Shas
2120884,23,United Torah Judaism
2386604,23,United Torah Judaism
61359772,23,United Torah Judaism
2899261,23,United Torah Judaism
2614420,23,United Torah Judaism
7007279,23,United Torah Judaism
96603638,23,United Torah Judaism
58311,23,Yisrael Beiteinu
20898016,23,Yisrael Beiteinu
63183722,23,Yisrael Beiteinu
5360165,23,Yisrael Beiteinu
24276432,23,Yisrael Beiteinu
1572575,23,Yisrael Beiteinu
56681855,23,Yisrael Beiteinu
39318,23,Yamina
18759744,23,Yamina
2791686,23,Yamina
60951122,23,Yamina
63176626,23,Yamina
2916662,23,Meretz
3818052,23,Meretz
569975,23,Meretz
2630091,23,Meretz
3593364,23,Labor
391262,23,Labor
8054214,23,Derekh Eretz
7002735,23,Derekh Eretz
466537,23,Gesher
2906267,23,The Jewish Home
43723,24,Likud
1711779,24,Likud
487304,24,Likud
128949,24,Likud
2330458,24,Likud
723506,24,Likud
468394,24,Likud
445611,24,Likud
790699,24,Likud
2583214,24,Likud
19634024,24,Likud
18822566,24,Likud
2301106,24,Likud
2919288,24,Likud
1362317,24,Likud
19201160,24,Likud
62062074,24,Likud
21794010,24,Likud
63107922,24,Likud
63111202,24,Likud
18785311,24,Likud
18755548,24,Likud
63116487,24,Likud
63124881,24,Likud
19615491,24,Likud
466537,24,Likud
63166467,24,Likud
63087383,24,Likud
25490011,24,Likud
1396120,24,Yesh Atid
3663051,24,Yesh Atid
4358424,24,Yesh Atid
3701621,24,Yesh Atid
19634029,24,Yesh Atid
18577963,24,Yesh Atid
6832388,24,Yesh Atid
3818024,24,Yesh Atid
63203042,24,Yesh Atid
104696632,24,Yesh Atid
106226063,24,Yesh Atid
106226078,24,Yesh Atid
107224738,24,Yesh Atid
107225905,24,Yesh Atid
107328825,24,Yesh Atid
104696368,24,Yesh Atid
55649413,24,Yesh Atid
2670985,24,Shas
2330483,24,Shas
17280189,24,Shas
27670547,24,Shas
106427258,24,Shas
63200127,24,Shas
50424294,24,Shas
7054034,24,Shas
96369448,24,Shas
557436,24,Blue and White
6890749,24,Blue and White
6965078,24,Blue and White
50738495,24,Blue and White
104465875,24,Blue and White
18121227,24,Blue and White
4734350,24,Blue and White
18522625,24,Blue and White
39318,24,Yamina
105581659,24,Yamina
106226055,24,Yamina
106226059,24,Yamina
63181940,24,Yamina
54766749,24,Yamina
107287675,24,Yamina
391262,24,Labor
30526568,24,Labor
868609,24,Labor
6864478,24,Labor
30527509,24,Labor
5984911,24,Labor
107264625,24,Labor
2386604,24,United Torah Judaism
2120884,24,United Torah Judaism
2330547,24,United Torah Judaism
1391548,24,United Torah Judaism
2899261,24,United Torah Judaism
2614420,24,United Torah Judaism
7007279,24,United Torah Judaism
63183722,24,Yisrael Beiteinu
24276432,24,Yisrael Beiteinu
56681855,24,Yisrael Beiteinu
107224635,24,Yisrael Beiteinu
68796550,24,Yisrael Beiteinu
8056380,24,Yisrael Beiteinu
107972390,24,Yisrael Beiteinu
18759744,24,Religious Zionist Party
106226075,24,Religious Zionist Party
12403861,24,Religious Zionist Party
105127281,24,Religious Zionist Party
3593944,24,Religious Zionist Party
105103347,24,Religious Zionist Party
63176626,24,Religious Zionist Party
12181439,24,Joint List
2420712,24,Joint List
68105483,24,Joint List
12410181,24,Joint List
19628142,24,Joint List
61718702,24,Joint List
19634043,24,New Hope
20824112,24,New Hope
2663586,24,New Hope
7002735,24,New Hope
6810271,24,New Hope
63092488,24,New Hope
569975,24,Meretz
105076402,24,Meretz
2909698,24,Meretz
3594005,24,Meretz
18753926,24,Meretz
60951347,24,Meretz
62394296,24,United Arab List
6914178,24,United Arab List
67958229,24,United Arab List
87125690,24,United Arab List
